order_id,order_date,region,channel,amount,returned
1000,2024-01-15,Central,Partner,1927.39,false
1001,2024-01-15,North,Online,663.16,false
1002,2024-01-28,West,Partner,988.53,false
1003,2024-01-03,Central,Direct,2135.41,false
1004,2024-01-08,Central,Online,1958.64,false
1005,2024-01-23,North,Retail,1678.94,true
1006,2024-01-08,East,Direct,771.32,false
1007,2024-01-01,East,Partner,1683.51,false
1008,2024-01-24,Central,Online,2126.24,false
1009,2024-01-26,North,Direct,815.78,true
1010,2024-01-14,North,Online,2369.00,false
1011,2024-01-10,West,Partner,1523.20,false
1012,2024-01-18,West,Online,766.62,false
1013,2024-01-26,Central,Online,2074.00,false
1014,2024-01-12,North,Online,472.67,false
1015,2024-01-16,Central,Retail,1031.31,false
1016,2024-01-18,East,Online,1937.01,false
1017,2024-01-24,North,Partner,1391.63,false
1018,2024-01-18,East,Retail,682.65,true
1019,2024-01-10,East,Retail,2491.11,false
1020,2024-01-17,North,Direct,1523.79,false
1021,2024-01-04,North,Direct,1726.86,false
1022,2024-01-22,West,Direct,928.71,false
1023,2024-01-13,North,Direct,942.21,false
1024,2024-01-15,North,Online,1412.28,false
1025,2024-01-27,North,Direct,2365.30,false
1026,2024-01-18,East,Retail,1358.82,false
1027,2024-01-07,North,Retail,2497.79,false
1028,2024-01-07,West,Retail,1817.59,false
1029,2024-01-08,North,Partner,1962.00,false
1030,2024-01-07,West,Direct,528.22,true
1031,2024-01-07,North,Retail,698.99,false
1032,2024-01-08,North,Online,941.05,true
1033,2024-01-23,North,Direct,292.18,false
1034,2024-01-06,West,Retail,1029.86,false
1035,2024-01-12,West,Partner,1730.52,false
1036,2024-01-09,West,Direct,2315.53,false
1037,2024-01-02,North,Direct,1456.99,false
1038,2024-01-26,Central,Direct,2199.87,true
1039,2024-01-12,East,Online,1255.07,false
1040,2024-01-18,Central,Partner,1714.56,true
1041,2024-01-23,East,Retail,510.63,false
1042,2024-01-01,North,Partner,302.95,false
1043,2024-01-20,North,Online,129.06,false
1044,2024-01-24,West,Retail,1033.13,false
1045,2024-01-11,West,Direct,1717.88,false
1046,2024-01-01,North,Online,969.09,false
1047,2024-01-05,West,Partner,1055.79,false
1048,2024-01-08,East,Partner,511.42,false
1049,2024-01-24,East,Direct,419.52,false
1050,2024-01-03,Central,Partner,1902.01,false
1051,2024-01-17,West,Direct,281.61,true
1052,2024-01-15,South,Retail,589.83,false
1053,2024-01-05,South,Partner,1138.81,false
1054,2024-01-13,East,Online,1672.76,false
1055,2024-01-24,North,Direct,2196.85,false
1056,2024-01-19,South,Online,2291.63,false
1057,2024-01-28,South,Partner,1156.29,false
1058,2024-01-24,West,Online,1655.45,false
1059,2024-01-02,North,Partner,339.95,false
1060,2024-01-08,West,Partner,1737.32,false
1061,2024-01-06,North,Partner,1523.69,false
1062,2024-01-21,West,Direct,2419.76,false
1063,2024-01-27,North,Direct,443.18,false
1064,2024-01-12,South,Online,842.26,false
1065,2024-01-27,South,Retail,863.98,false
1066,2024-01-09,North,Retail,743.51,false
1067,2024-01-22,Central,Online,836.71,false
1068,2024-01-07,Central,Online,722.51,false
1069,2024-01-08,South,Direct,1633.08,false
1070,2024-01-17,Central,Online,1734.77,false
1071,2024-01-22,East,Online,2078.83,false
1072,2024-01-06,Central,Direct,351.47,false
1073,2024-01-10,West,Partner,940.70,false
1074,2024-01-13,North,Direct,2061.03,true
1075,2024-01-17,South,Online,1908.47,false
1076,2024-01-18,West,Direct,1641.77,false
1077,2024-01-28,East,Direct,504.38,true
1078,2024-01-09,South,Retail,303.93,false
1079,2024-01-14,Central,Direct,2015.66,false
1080,2024-01-01,South,Direct,1997.90,false
1081,2024-01-25,East,Retail,1122.38,true
1082,2024-01-19,West,Retail,1749.17,false
1083,2024-01-25,North,Retail,1494.73,false
1084,2024-01-09,North,Direct,2426.63,false
1085,2024-01-19,North,Retail,877.14,false
1086,2024-01-26,Central,Partner,926.59,false
1087,2024-01-10,North,Partner,1868.19,false
1088,2024-01-12,North,Direct,2035.78,false
1089,2024-01-28,Central,Partner,1136.91,false
1090,2024-01-06,North,Direct,817.34,false
1091,2024-01-09,Central,Direct,1788.31,false
1092,2024-01-13,East,Direct,975.25,false
1093,2024-01-13,North,Retail,1162.23,false
1094,2024-01-06,South,Retail,688.24,false
1095,2024-01-06,Central,Online,661.93,false
1096,2024-01-12,Central,Retail,1928.01,false
1097,2024-01-08,Central,Direct,1934.04,false
1098,2024-01-19,East,Direct,1931.34,false
1099,2024-01-24,South,Online,777.67,false
1100,2024-01-26,Central,Online,1423.61,true
1101,2024-01-13,North,Partner,2152.23,false
1102,2024-01-20,North,Online,301.22,false
1103,2024-01-22,South,Direct,2204.19,false
1104,2024-01-10,Central,Online,2188.54,false
1105,2024-01-22,Central,Partner,1274.74,false
1106,2024-01-20,West,Direct,2407.84,false
1107,2024-01-23,Central,Direct,574.67,false
1108,2024-01-11,Central,Partner,2499.63,false
1109,2024-01-10,Central,Retail,1664.56,true
1110,2024-01-06,Central,Retail,2437.27,false
1111,2024-01-07,East,Retail,1301.31,false
1112,2024-01-04,East,Online,470.85,false
1113,2024-01-18,West,Direct,1412.01,false
1114,2024-01-03,North,Partner,1927.19,false
1115,2024-01-16,East,Partner,1529.01,false
1116,2024-01-10,West,Partner,1164.96,false
1117,2024-01-09,West,Retail,782.90,false
1118,2024-01-14,North,Retail,358.51,false
1119,2024-01-21,Central,Retail,2388.37,true
1120,2024-01-22,East,Retail,1100.59,false
1121,2024-01-10,East,Direct,1086.54,false
1122,2024-01-20,East,Partner,1382.69,false
1123,2024-01-05,Central,Online,1799.20,false
1124,2024-02-19,North,Retail,430.70,false
1125,2024-02-15,Central,Retail,767.98,false
1126,2024-02-01,West,Direct,696.13,false
1127,2024-02-07,Central,Direct,809.45,false
1128,2024-02-20,Central,Online,202.48,false
1129,2024-02-01,North,Partner,191.34,true
1130,2024-02-16,South,Online,1281.36,false
1131,2024-02-21,East,Direct,2078.28,false
1132,2024-02-08,West,Retail,404.61,false
1133,2024-02-06,North,Online,1601.06,false
1134,2024-02-07,Central,Retail,1461.44,false
1135,2024-02-26,Central,Online,1862.75,false
1136,2024-02-13,North,Partner,1310.74,false
1137,2024-02-22,South,Partner,1189.63,false
1138,2024-02-13,North,Retail,610.84,false
1139,2024-02-28,South,Direct,1300.44,false
1140,2024-02-05,South,Direct,573.60,false
1141,2024-02-04,West,Retail,1622.53,false
1142,2024-02-04,West,Direct,528.32,false
1143,2024-02-03,East,Partner,1516.58,false
1144,2024-02-10,Central,Online,654.96,true
1145,2024-02-15,South,Partner,138.96,false
1146,2024-02-01,South,Retail,2009.43,false
1147,2024-02-25,East,Partner,913.55,false
1148,2024-02-23,South,Retail,995.95,true
1149,2024-02-02,East,Direct,294.78,false
1150,2024-02-03,Central,Direct,1904.28,false
1151,2024-02-20,Central,Online,1973.10,false
1152,2024-02-05,Central,Online,1821.55,false
1153,2024-02-26,South,Direct,1980.21,false
1154,2024-02-27,Central,Partner,1342.10,false
1155,2024-02-12,West,Partner,2104.78,false
1156,2024-02-04,Central,Retail,553.17,false
1157,2024-02-15,Central,Partner,1354.75,false
1158,2024-02-01,East,Direct,360.25,false
1159,2024-02-04,South,Partner,1167.92,true
1160,2024-02-11,Central,Online,1932.04,false
1161,2024-02-10,Central,Direct,1491.22,false
1162,2024-02-14,North,Retail,1984.12,false
1163,2024-02-28,West,Direct,2487.25,false
1164,2024-02-23,South,Direct,2485.97,false
1165,2024-02-08,North,Direct,1590.86,false
1166,2024-02-03,East,Online,1327.40,false
1167,2024-02-26,Central,Direct,1475.51,false
1168,2024-02-05,Central,Direct,2139.71,false
1169,2024-02-27,Central,Partner,2539.14,false
1170,2024-02-02,Central,Partner,379.09,false
1171,2024-02-25,West,Partner,1160.99,false
1172,2024-02-08,Central,Partner,573.78,false
1173,2024-02-06,North,Retail,657.41,false
1174,2024-02-11,North,Online,793.33,false
1175,2024-02-25,North,Online,415.40,false
1176,2024-02-15,South,Retail,624.00,false
1177,2024-02-28,East,Retail,445.04,true
1178,2024-02-06,North,Online,1244.41,false
1179,2024-02-27,North,Partner,304.26,false
1180,2024-02-07,South,Retail,240.13,false
1181,2024-02-18,South,Retail,2281.66,false
1182,2024-02-05,East,Online,1694.17,false
1183,2024-02-24,Central,Retail,1945.75,false
1184,2024-02-23,Central,Online,1419.85,false
1185,2024-02-14,Central,Online,196.07,false
1186,2024-02-26,Central,Retail,540.96,false
1187,2024-02-06,North,Online,2052.59,false
1188,2024-02-06,West,Retail,2481.55,false
1189,2024-02-27,East,Direct,791.14,false
1190,2024-02-24,North,Direct,2001.60,false
1191,2024-02-11,West,Partner,294.19,false
1192,2024-02-22,North,Online,1505.15,true
1193,2024-02-02,East,Online,799.55,false
1194,2024-02-23,East,Partner,786.51,false
1195,2024-02-09,East,Retail,1419.27,false
1196,2024-02-07,East,Direct,1627.16,false
1197,2024-02-17,East,Online,236.83,false
1198,2024-02-06,South,Partner,282.63,false
1199,2024-02-07,South,Partner,2499.68,false
1200,2024-02-21,Central,Online,453.68,false
1201,2024-02-19,North,Retail,454.70,false
1202,2024-02-03,West,Partner,1585.42,false
1203,2024-02-21,West,Retail,1257.79,false
1204,2024-02-15,North,Retail,598.34,false
1205,2024-02-17,North,Direct,2355.52,false
1206,2024-02-28,East,Retail,2084.40,false
1207,2024-02-18,Central,Online,987.15,false
1208,2024-02-03,West,Online,1686.69,false
1209,2024-02-15,South,Direct,443.08,false
1210,2024-02-13,South,Retail,1120.73,false
1211,2024-02-13,East,Partner,2032.94,true
1212,2024-02-27,East,Retail,687.66,false
1213,2024-02-04,West,Direct,479.19,false
1214,2024-02-18,West,Online,612.77,false
1215,2024-02-21,North,Direct,2042.89,false
1216,2024-02-23,East,Partner,1162.44,true
1217,2024-02-09,Central,Retail,2100.36,false
1218,2024-02-16,North,Retail,1722.38,false
1219,2024-02-06,West,Online,1259.51,false
1220,2024-02-06,West,Online,712.49,false
1221,2024-02-16,North,Direct,1182.49,false
1222,2024-02-08,Central,Retail,891.09,false
1223,2024-02-23,South,Direct,681.03,false
1224,2024-02-19,North,Retail,907.53,false
1225,2024-02-21,West,Online,2003.95,false
1226,2024-02-28,North,Retail,1972.59,false
1227,2024-02-19,Central,Partner,638.37,true
1228,2024-02-13,South,Online,472.92,false
1229,2024-02-10,North,Partner,871.07,false
1230,2024-02-27,South,Online,1307.68,false
1231,2024-02-13,South,Direct,2118.65,false
1232,2024-02-25,North,Partner,231.16,false
1233,2024-02-24,Central,Partner,443.83,false
1234,2024-02-06,West,Online,2425.99,false
1235,2024-02-25,Central,Partner,2192.40,false
1236,2024-02-23,South,Online,1782.65,false
1237,2024-02-01,North,Retail,1328.44,false
1238,2024-02-12,West,Retail,2058.35,false
1239,2024-02-01,West,Direct,2210.28,false
1240,2024-02-19,South,Online,409.06,false
1241,2024-02-14,South,Online,841.39,false
1242,2024-02-28,Central,Retail,1988.44,false
1243,2024-02-05,East,Online,1663.43,false
1244,2024-02-06,Central,Retail,711.59,true
1245,2024-02-20,North,Direct,899.84,false
1246,2024-02-04,South,Online,148.33,false
1247,2024-02-20,Central,Direct,1731.27,false
1248,2024-02-02,North,Retail,2388.44,false
1249,2024-02-12,South,Retail,168.99,false
1250,2024-02-02,West,Partner,678.79,false
1251,2024-02-28,Central,Direct,1972.10,false
1252,2024-02-04,East,Retail,1691.31,false
1253,2024-02-10,Central,Retail,2075.30,false
1254,2024-02-08,North,Partner,877.37,false
1255,2024-02-04,North,Online,2201.65,false
1256,2024-02-10,South,Retail,409.38,false
1257,2024-02-13,West,Online,1191.03,false
1258,2024-02-20,South,Partner,865.04,false
1259,2024-02-05,South,Retail,1759.33,false
1260,2024-02-04,North,Online,279.14,false
1261,2024-02-21,East,Direct,2219.49,true
1262,2024-03-07,Central,Direct,571.83,false
1263,2024-03-13,South,Partner,917.61,false
1264,2024-03-04,East,Partner,1244.28,false
1265,2024-03-10,South,Direct,2294.08,false
1266,2024-03-25,Central,Partner,691.25,false
1267,2024-03-22,West,Direct,1773.75,false
1268,2024-03-24,East,Partner,569.53,true
1269,2024-03-28,South,Partner,2363.50,false
1270,2024-03-01,East,Online,138.66,false
1271,2024-03-12,South,Online,1496.14,false
1272,2024-03-26,East,Direct,1725.40,true
1273,2024-03-14,East,Retail,1412.07,true
1274,2024-03-08,South,Retail,1685.52,true
1275,2024-03-16,Central,Partner,2201.79,false
1276,2024-03-22,South,Retail,1027.68,false
1277,2024-03-06,East,Partner,2472.62,false
1278,2024-03-20,South,Retail,1890.75,false
1279,2024-03-08,East,Partner,283.43,false
1280,2024-03-04,North,Direct,2250.85,false
1281,2024-03-17,East,Direct,747.95,false
1282,2024-03-03,North,Direct,665.94,false
1283,2024-03-12,North,Partner,2153.48,false
1284,2024-03-10,Central,Direct,388.52,false
1285,2024-03-22,West,Retail,676.73,false
1286,2024-03-20,West,Retail,543.78,false
1287,2024-03-08,South,Partner,2179.74,true
1288,2024-03-09,East,Direct,2198.04,false
1289,2024-03-24,South,Retail,640.18,false
1290,2024-03-07,Central,Partner,2158.08,false
1291,2024-03-11,Central,Partner,498.25,false
1292,2024-03-08,South,Direct,414.35,false
1293,2024-03-11,North,Retail,955.48,false
1294,2024-03-19,West,Online,2074.08,false
1295,2024-03-06,East,Online,2492.87,false
1296,2024-03-17,West,Direct,165.49,false
1297,2024-03-28,East,Online,1578.16,true
1298,2024-03-28,South,Partner,2080.13,false
1299,2024-03-24,North,Online,1708.18,false
1300,2024-03-08,West,Online,137.36,false
1301,2024-03-09,East,Retail,1460.24,false
1302,2024-03-11,East,Direct,1413.20,false
1303,2024-03-18,South,Partner,1850.71,false
1304,2024-03-24,South,Direct,1344.51,false
1305,2024-03-12,North,Online,2544.55,false
1306,2024-03-07,West,Online,2113.87,false
1307,2024-03-10,East,Direct,1893.80,false
1308,2024-03-24,South,Partner,819.38,false
1309,2024-03-24,South,Direct,1917.12,false
1310,2024-03-04,South,Online,2437.79,false
1311,2024-03-04,East,Retail,1718.20,false
1312,2024-03-17,Central,Direct,338.14,false
1313,2024-03-18,East,Online,538.05,true
1314,2024-03-24,East,Online,1071.04,false
1315,2024-03-08,North,Partner,184.54,false
1316,2024-03-27,South,Partner,918.99,false
1317,2024-03-20,Central,Partner,638.76,false
1318,2024-03-27,North,Retail,1317.36,false
1319,2024-03-06,Central,Retail,2102.10,true
1320,2024-03-10,North,Direct,2183.87,false
1321,2024-03-08,South,Partner,2394.70,false
1322,2024-03-25,West,Retail,2390.95,false
1323,2024-03-19,South,Retail,661.69,false
1324,2024-03-13,North,Retail,1693.91,false
1325,2024-03-16,West,Retail,2286.65,false
1326,2024-03-22,North,Retail,1984.69,false
1327,2024-03-05,North,Online,246.44,false
1328,2024-03-07,West,Online,2302.59,false
1329,2024-03-01,East,Partner,1420.60,false
1330,2024-03-27,North,Retail,986.82,false
1331,2024-03-17,East,Partner,1282.16,false
1332,2024-03-07,Central,Retail,603.05,false
1333,2024-03-15,South,Retail,1102.88,false
1334,2024-03-10,North,Partner,482.82,false
1335,2024-03-07,South,Online,567.92,false
1336,2024-03-08,Central,Direct,1978.29,false
1337,2024-03-25,West,Partner,960.73,false
1338,2024-03-25,East,Online,636.36,false
1339,2024-03-05,West,Retail,506.64,false
1340,2024-03-07,West,Retail,1322.54,false
1341,2024-03-22,West,Online,1196.09,false
1342,2024-03-16,West,Online,1459.00,false
1343,2024-03-05,South,Partner,571.43,false
1344,2024-03-19,North,Partner,779.49,false
1345,2024-03-28,North,Online,1929.77,false
1346,2024-03-27,South,Direct,496.66,false
1347,2024-03-10,Central,Direct,1561.65,true
1348,2024-03-08,Central,Partner,1157.48,false
1349,2024-03-05,East,Direct,1512.95,false
1350,2024-03-02,North,Online,1001.25,false
1351,2024-03-15,Central,Direct,570.81,false
1352,2024-03-07,South,Retail,1964.85,false
1353,2024-03-02,Central,Partner,705.07,true
1354,2024-03-02,Central,Direct,433.14,false
1355,2024-03-20,South,Direct,1335.36,false
1356,2024-03-07,West,Direct,1218.99,false
1357,2024-03-13,West,Direct,1315.40,false
1358,2024-03-09,East,Partner,1498.83,false
1359,2024-03-04,Central,Retail,340.07,false
1360,2024-03-21,West,Direct,713.77,false
1361,2024-03-21,East,Online,1362.21,false
1362,2024-04-14,South,Partner,2337.20,true
1363,2024-04-22,West,Online,1569.86,false
1364,2024-04-01,East,Online,1457.12,false
1365,2024-04-03,Central,Partner,685.67,false
1366,2024-04-27,North,Partner,2293.47,false
1367,2024-04-14,West,Online,2477.16,false
1368,2024-04-01,West,Retail,1309.29,false
1369,2024-04-16,West,Retail,541.49,false
1370,2024-04-08,Central,Online,1955.79,false
1371,2024-04-24,North,Partner,461.57,false
1372,2024-04-24,Central,Direct,905.59,false
1373,2024-04-06,West,Partner,829.23,false
1374,2024-04-13,North,Direct,151.76,false
1375,2024-04-09,Central,Direct,345.81,false
1376,2024-04-10,East,Direct,1360.21,false
1377,2024-04-04,South,Retail,1349.33,false
1378,2024-04-14,Central,Retail,1590.53,false
1379,2024-04-25,Central,Online,1456.59,false
1380,2024-04-05,North,Retail,1470.08,false
1381,2024-04-05,South,Direct,1115.32,true
1382,2024-04-13,North,Partner,764.82,false
1383,2024-04-16,East,Online,2438.78,false
1384,2024-04-14,South,Retail,263.01,false
1385,2024-04-19,South,Direct,1112.55,false
1386,2024-04-17,West,Direct,1139.57,false
1387,2024-04-04,South,Direct,1435.76,false
1388,2024-04-17,North,Partner,1869.76,false
1389,2024-04-28,West,Partner,688.82,false
1390,2024-04-07,Central,Online,2564.11,false
1391,2024-04-09,North,Direct,1952.72,false
1392,2024-04-26,Central,Direct,408.69,false
1393,2024-04-23,South,Retail,430.41,false
1394,2024-04-18,West,Retail,1359.68,false
1395,2024-04-26,West,Direct,336.47,false
1396,2024-04-19,Central,Partner,1963.29,false
1397,2024-04-04,West,Direct,2597.36,false
1398,2024-04-17,North,Direct,2601.06,false
1399,2024-04-23,Central,Partner,885.68,false
1400,2024-04-08,West,Retail,608.91,false
1401,2024-04-09,Central,Partner,361.29,false
1402,2024-04-19,North,Direct,150.50,false
1403,2024-04-02,Central,Direct,1455.92,false
1404,2024-04-04,South,Direct,439.46,true
1405,2024-04-12,West,Retail,1202.46,false
1406,2024-04-23,East,Partner,1361.75,false
1407,2024-04-11,North,Partner,1511.16,false
1408,2024-04-04,East,Online,714.07,false
1409,2024-04-13,South,Online,384.17,false
1410,2024-04-20,West,Partner,467.57,false
1411,2024-04-06,South,Retail,2092.54,false
1412,2024-04-04,Central,Online,1086.74,false
1413,2024-04-04,East,Online,2390.60,false
1414,2024-04-16,Central,Online,257.45,false
1415,2024-04-03,Central,Retail,786.25,false
1416,2024-04-21,West,Direct,1353.89,false
1417,2024-04-06,Central,Direct,2216.94,false
1418,2024-04-21,North,Online,392.07,false
1419,2024-04-06,East,Partner,631.50,false
1420,2024-04-26,Central,Partner,2172.48,false
1421,2024-04-09,West,Partner,1354.76,false
1422,2024-04-27,West,Partner,949.45,false
1423,2024-04-03,South,Partner,268.10,false
1424,2024-04-09,Central,Direct,1729.81,false
1425,2024-04-11,East,Online,822.58,false
1426,2024-04-25,Central,Online,1695.25,false
1427,2024-04-28,South,Direct,2415.93,false
1428,2024-04-13,North,Partner,1282.51,false
1429,2024-04-09,East,Partner,944.33,false
1430,2024-04-01,South,Retail,1047.48,true
1431,2024-04-05,South,Retail,1257.88,false
1432,2024-04-06,North,Direct,2470.32,false
1433,2024-04-27,East,Partner,2052.58,false
1434,2024-04-15,West,Direct,2401.88,false
1435,2024-04-17,Central,Online,2166.65,false
1436,2024-04-28,Central,Partner,2066.30,false
1437,2024-04-04,South,Partner,1231.91,false
1438,2024-04-03,West,Direct,1525.49,false
1439,2024-04-18,Central,Direct,357.33,false
1440,2024-04-24,West,Retail,2213.34,false
1441,2024-04-08,Central,Partner,1117.07,true
1442,2024-04-14,Central,Direct,2337.65,false
1443,2024-04-11,South,Partner,1810.32,false
1444,2024-04-26,East,Retail,1249.48,false
1445,2024-04-05,East,Retail,798.99,false
1446,2024-04-14,West,Partner,463.03,true
1447,2024-04-03,East,Direct,1737.26,false
1448,2024-04-14,South,Online,623.38,false
1449,2024-04-14,East,Online,667.53,true
1450,2024-04-26,South,Partner,1734.79,true
1451,2024-04-24,South,Partner,1175.74,false
1452,2024-04-19,North,Retail,1561.27,true
1453,2024-04-23,West,Partner,1673.27,false
1454,2024-04-09,Central,Direct,179.59,false
1455,2024-04-03,South,Retail,2477.11,false
1456,2024-04-11,South,Partner,2042.06,false
1457,2024-04-06,West,Direct,852.83,false
1458,2024-05-15,East,Partner,609.90,false
1459,2024-05-26,South,Online,1234.85,false
1460,2024-05-08,North,Online,871.35,false
1461,2024-05-19,North,Direct,458.51,false
1462,2024-05-13,East,Partner,180.89,false
1463,2024-05-23,East,Online,2342.60,false
1464,2024-05-15,South,Partner,2558.74,true
1465,2024-05-19,West,Direct,2468.66,false
1466,2024-05-08,Central,Retail,273.45,false
1467,2024-05-24,East,Online,1209.86,false
1468,2024-05-14,East,Partner,156.97,false
1469,2024-05-04,South,Partner,1471.59,false
1470,2024-05-25,East,Online,2006.14,false
1471,2024-05-04,South,Direct,1921.55,false
1472,2024-05-02,South,Online,1183.93,false
1473,2024-05-11,North,Direct,2587.17,false
1474,2024-05-14,North,Partner,406.65,false
1475,2024-05-28,North,Direct,1894.73,false
1476,2024-05-24,West,Retail,683.79,false
1477,2024-05-26,North,Partner,2500.80,false
1478,2024-05-06,East,Retail,1551.89,false
1479,2024-05-12,East,Partner,2698.30,false
1480,2024-05-21,South,Partner,913.80,false
1481,2024-05-02,West,Retail,578.79,false
1482,2024-05-26,Central,Online,1264.54,false
1483,2024-05-06,West,Retail,383.68,false
1484,2024-05-08,North,Online,2162.62,false
1485,2024-05-02,West,Partner,1856.61,false
1486,2024-05-06,South,Retail,285.64,false
1487,2024-05-19,South,Direct,1429.97,false
1488,2024-05-22,North,Direct,2097.99,false
1489,2024-05-08,Central,Partner,1071.94,false
1490,2024-05-23,South,Partner,667.60,false
1491,2024-05-17,Central,Retail,2070.85,true
1492,2024-05-16,Central,Direct,870.29,false
1493,2024-05-13,North,Retail,989.53,false
1494,2024-05-07,West,Direct,1569.09,false
1495,2024-05-03,North,Partner,129.58,false
1496,2024-05-12,East,Online,2268.46,false
1497,2024-05-12,East,Direct,1463.90,false
1498,2024-05-12,East,Online,2502.67,false
1499,2024-05-28,West,Retail,1232.37,false
1500,2024-05-11,South,Retail,1983.78,true
1501,2024-05-12,West,Partner,927.57,false
1502,2024-05-07,North,Online,385.84,false
1503,2024-05-03,North,Retail,785.19,false
1504,2024-05-05,North,Retail,1115.86,false
1505,2024-05-02,East,Partner,1111.58,false
1506,2024-05-16,East,Online,415.45,false
1507,2024-05-25,East,Direct,1652.15,false
1508,2024-05-27,West,Partner,231.91,false
1509,2024-05-10,South,Direct,2578.63,false
1510,2024-05-18,South,Partner,1863.33,false
1511,2024-05-22,West,Retail,1959.34,false
1512,2024-05-17,North,Partner,261.87,false
1513,2024-05-27,East,Partner,1303.24,false
1514,2024-05-19,North,Online,348.26,false
1515,2024-05-14,North,Direct,1322.30,false
1516,2024-05-01,East,Retail,855.64,false
1517,2024-05-19,South,Online,903.38,false
1518,2024-05-18,North,Retail,1137.00,false
1519,2024-05-24,East,Direct,651.78,false
1520,2024-05-01,South,Retail,1710.62,false
1521,2024-05-13,North,Direct,1929.93,false
1522,2024-05-13,West,Partner,898.31,false
1523,2024-05-16,Central,Retail,1785.26,false
1524,2024-05-05,West,Online,1530.66,false
1525,2024-05-24,North,Online,254.88,false
1526,2024-05-03,North,Direct,732.59,false
1527,2024-05-02,West,Partner,2175.02,false
1528,2024-05-02,East,Partner,1045.41,false
1529,2024-05-10,Central,Partner,1783.68,false
1530,2024-05-20,North,Retail,1886.19,true
1531,2024-05-06,North,Online,1005.63,false
1532,2024-05-09,East,Online,501.71,false
1533,2024-05-27,East,Partner,632.69,false
1534,2024-05-08,North,Partner,2372.31,false
1535,2024-05-23,West,Partner,605.77,false
1536,2024-05-27,West,Direct,1724.42,false
1537,2024-05-25,North,Online,596.56,false
1538,2024-05-26,South,Direct,1956.00,false
1539,2024-05-01,South,Partner,1380.90,false
1540,2024-05-01,Central,Online,901.62,false
1541,2024-05-26,North,Partner,2488.84,false
1542,2024-05-24,Central,Retail,742.30,false
1543,2024-05-16,Central,Direct,294.92,false
1544,2024-05-03,North,Partner,1460.54,false
1545,2024-05-01,North,Online,1845.60,false
1546,2024-05-17,North,Direct,1335.25,false
1547,2024-05-24,Central,Partner,2098.31,false
1548,2024-05-23,West,Online,705.62,false
1549,2024-05-22,Central,Partner,1926.79,true
1550,2024-05-11,West,Online,270.19,false
1551,2024-05-05,East,Direct,1701.51,false
1552,2024-05-11,South,Online,1369.30,false
1553,2024-05-27,South,Retail,205.76,false
1554,2024-05-13,West,Retail,1420.89,false
1555,2024-05-13,East,Retail,318.36,false
1556,2024-05-26,North,Direct,1162.94,false
1557,2024-05-07,North,Partner,2468.02,false
1558,2024-05-04,West,Online,797.71,false
1559,2024-05-20,North,Online,2458.41,false
1560,2024-05-02,East,Direct,2456.98,false
1561,2024-05-04,East,Direct,280.11,false
1562,2024-05-18,North,Direct,892.91,false
1563,2024-05-04,Central,Partner,526.21,false
1564,2024-05-05,West,Direct,318.24,false
1565,2024-05-15,West,Direct,150.01,false
1566,2024-05-25,North,Retail,1808.18,false
1567,2024-05-06,East,Online,1971.77,true
1568,2024-05-06,North,Partner,1989.16,false
1569,2024-05-17,West,Partner,1387.59,false
1570,2024-05-14,North,Direct,1312.74,false
1571,2024-05-14,South,Retail,555.98,false
1572,2024-05-26,South,Direct,1916.24,false
1573,2024-05-20,North,Online,843.38,false
1574,2024-05-16,South,Partner,760.06,false
1575,2024-05-12,East,Direct,808.84,false
1576,2024-05-17,North,Direct,491.71,false
1577,2024-05-24,Central,Online,912.06,false
1578,2024-06-21,North,Direct,395.48,false
1579,2024-06-25,North,Partner,139.89,false
1580,2024-06-18,Central,Retail,1627.87,false
1581,2024-06-07,South,Online,519.54,false
1582,2024-06-01,East,Partner,1056.03,false
1583,2024-06-17,West,Direct,698.09,false
1584,2024-06-10,West,Partner,1146.79,false
1585,2024-06-27,West,Online,536.61,false
1586,2024-06-06,South,Online,1526.29,false
1587,2024-06-13,South,Partner,1088.49,false
1588,2024-06-07,West,Direct,602.47,false
1589,2024-06-22,Central,Direct,2602.30,false
1590,2024-06-24,North,Direct,1232.79,true
1591,2024-06-22,South,Partner,266.39,false
1592,2024-06-25,North,Partner,2723.04,false
1593,2024-06-02,East,Partner,1440.23,false
1594,2024-06-20,East,Partner,2137.33,false
1595,2024-06-09,West,Partner,600.06,false
1596,2024-06-23,West,Direct,2466.52,false
1597,2024-06-16,East,Retail,1794.28,false
1598,2024-06-22,South,Retail,1063.80,false
1599,2024-06-26,South,Direct,1337.31,false
1600,2024-06-18,South,Direct,1959.72,false
1601,2024-06-03,East,Retail,1205.95,false
1602,2024-06-21,East,Retail,2035.87,false
1603,2024-06-10,East,Direct,2663.84,true
1604,2024-06-01,South,Partner,501.92,false
1605,2024-06-26,East,Retail,2461.53,false
1606,2024-06-27,North,Direct,2171.09,false
1607,2024-06-03,West,Online,1502.77,true
1608,2024-06-07,East,Partner,1187.48,false
1609,2024-06-11,North,Retail,2052.56,false
1610,2024-06-07,North,Direct,2408.72,false
1611,2024-06-11,Central,Direct,617.51,false
1612,2024-06-18,East,Online,618.04,false
1613,2024-06-17,North,Online,1350.72,false
1614,2024-06-25,North,Partner,1609.45,false
1615,2024-06-19,North,Direct,2482.13,false
1616,2024-06-07,North,Retail,2033.49,false
1617,2024-06-05,South,Partner,194.10,false
1618,2024-06-07,South,Online,1116.32,false
1619,2024-06-20,Central,Retail,1577.20,false
1620,2024-06-05,Central,Partner,2453.10,false
1621,2024-06-20,North,Retail,2040.65,false
1622,2024-06-04,South,Retail,2328.13,false
1623,2024-06-18,South,Partner,903.81,false
1624,2024-06-01,South,Direct,841.67,false
1625,2024-06-03,East,Partner,2631.90,false
1626,2024-06-10,North,Partner,859.37,false
1627,2024-06-21,South,Direct,1124.88,false
1628,2024-06-10,Central,Online,1747.74,true
1629,2024-06-09,North,Direct,822.75,true
1630,2024-06-17,Central,Direct,785.82,false
1631,2024-06-24,North,Direct,1623.25,false
1632,2024-06-22,East,Direct,721.42,false
1633,2024-06-10,Central,Online,557.72,false
1634,2024-06-27,North,Partner,697.57,false
1635,2024-06-10,South,Partner,1804.75,false
1636,2024-06-12,East,Partner,1651.83,true
1637,2024-06-24,South,Online,1871.36,false
1638,2024-06-20,East,Direct,2597.16,false
1639,2024-06-03,North,Retail,2376.37,false
1640,2024-06-05,West,Online,2029.14,false
1641,2024-06-15,West,Retail,1964.29,false
1642,2024-06-04,South,Retail,2610.71,false
1643,2024-06-26,North,Retail,2697.10,false
1644,2024-06-02,South,Retail,688.05,false
1645,2024-06-28,South,Retail,2579.82,false
1646,2024-06-05,Central,Online,2286.56,false
1647,2024-06-26,Central,Partner,646.99,false
1648,2024-06-28,West,Retail,1299.75,false
1649,2024-06-19,East,Online,2327.70,false
1650,2024-06-26,Central,Partner,1109.29,false
1651,2024-06-15,East,Retail,1874.32,false
1652,2024-06-09,West,Online,523.72,false
1653,2024-06-22,East,Online,1610.94,false
1654,2024-06-08,South,Retail,1100.72,false
1655,2024-06-18,North,Online,512.21,false
1656,2024-06-09,South,Online,187.76,false
1657,2024-06-09,West,Retail,2247.41,false
1658,2024-06-27,North,Online,1996.02,false
1659,2024-06-23,South,Online,2547.22,false
1660,2024-06-22,East,Partner,1718.89,false
1661,2024-06-14,East,Online,2356.94,true
1662,2024-06-21,North,Online,776.87,false
1663,2024-06-15,West,Direct,565.80,false
1664,2024-06-21,West,Partner,1442.11,false
1665,2024-06-19,North,Online,1378.47,false
1666,2024-06-17,West,Direct,631.66,false
1667,2024-06-05,South,Direct,2457.97,false
1668,2024-06-20,East,Retail,1169.72,false
1669,2024-06-26,West,Partner,413.70,false
1670,2024-06-27,East,Direct,1206.57,false
1671,2024-06-20,West,Partner,1337.46,false
1672,2024-06-18,West,Retail,2255.50,false
1673,2024-06-09,East,Direct,1301.95,true
1674,2024-06-22,West,Partner,340.37,false
1675,2024-06-11,East,Direct,1504.43,false
1676,2024-06-04,North,Partner,2378.71,false
1677,2024-06-26,South,Partner,2082.16,false
1678,2024-06-14,South,Partner,542.39,false
1679,2024-06-24,South,Partner,1600.76,false
1680,2024-06-02,South,Partner,1073.09,false
1681,2024-06-28,Central,Online,780.99,false
1682,2024-06-13,West,Online,1524.30,false
1683,2024-06-26,Central,Partner,1078.07,false
1684,2024-06-22,North,Direct,2350.10,true
1685,2024-06-28,Central,Online,1709.95,false
1686,2024-06-15,North,Partner,2381.28,false
1687,2024-06-06,East,Partner,1619.97,false
1688,2024-06-19,East,Partner,2135.71,false
1689,2024-06-15,East,Retail,2618.55,false
1690,2024-06-06,Central,Partner,1418.09,false
1691,2024-06-03,East,Online,883.47,false
1692,2024-06-08,West,Retail,2097.51,false
1693,2024-06-11,Central,Retail,2600.38,false
1694,2024-06-15,West,Retail,1567.91,false
1695,2024-06-22,East,Online,1445.53,false
1696,2024-06-08,South,Online,1864.48,false
1697,2024-07-10,West,Online,2725.69,false
1698,2024-07-25,East,Partner,2627.98,false
1699,2024-07-22,East,Partner,1155.67,false
1700,2024-07-22,West,Direct,1129.18,false
1701,2024-07-12,Central,Online,1066.31,false
1702,2024-07-02,South,Online,1566.11,false
1703,2024-07-13,North,Direct,1140.75,false
1704,2024-07-28,East,Online,1471.09,false
1705,2024-07-08,South,Direct,1859.28,false
1706,2024-07-28,West,Direct,1304.88,false
1707,2024-07-23,East,Direct,2244.26,false
1708,2024-07-28,West,Partner,2051.88,false
1709,2024-07-12,West,Direct,1254.32,false
1710,2024-07-27,North,Direct,2397.91,false
1711,2024-07-28,West,Partner,1989.09,false
1712,2024-07-06,Central,Partner,1509.81,false
1713,2024-07-15,West,Online,2228.88,false
1714,2024-07-15,West,Direct,1614.01,false
1715,2024-07-27,Central,Online,261.17,false
1716,2024-07-18,East,Online,1528.88,false
1717,2024-07-20,Central,Partner,1205.88,false
1718,2024-07-12,East,Retail,1284.70,false
1719,2024-07-11,West,Retail,743.42,false
1720,2024-07-11,East,Direct,2433.86,true
1721,2024-07-05,North,Direct,1348.60,false
1722,2024-07-14,Central,Retail,2749.61,false
1723,2024-07-22,East,Direct,1860.10,false
1724,2024-07-05,Central,Partner,251.99,false
1725,2024-07-11,West,Retail,448.52,false
1726,2024-07-28,East,Direct,1318.92,false
1727,2024-07-17,East,Partner,1379.01,false
1728,2024-07-25,North,Direct,839.36,false
1729,2024-07-03,West,Partner,2325.73,false
1730,2024-07-02,South,Partner,2713.42,false
1731,2024-07-25,West,Partner,2676.65,false
1732,2024-07-28,North,Retail,2040.69,false
1733,2024-07-21,South,Partner,2262.08,false
1734,2024-07-19,North,Retail,461.36,false
1735,2024-07-12,South,Partner,1478.25,true
1736,2024-07-15,Central,Direct,929.99,false
1737,2024-07-17,East,Partner,1316.84,false
1738,2024-07-05,East,Partner,630.45,false
1739,2024-07-19,East,Retail,2509.56,false
1740,2024-07-26,South,Online,1376.65,false
1741,2024-07-11,North,Retail,537.18,false
1742,2024-07-08,South,Partner,613.11,false
1743,2024-07-15,West,Partner,1094.56,false
1744,2024-07-27,South,Direct,2415.61,false
1745,2024-07-19,West,Online,2767.83,false
1746,2024-07-26,Central,Partner,2269.76,false
1747,2024-07-11,West,Online,2717.88,false
1748,2024-07-28,West,Partner,2336.14,false
1749,2024-07-11,Central,Retail,2737.90,false
1750,2024-07-08,South,Online,1016.82,false
1751,2024-07-04,South,Online,1188.08,false
1752,2024-07-04,East,Partner,874.91,false
1753,2024-07-14,North,Direct,456.17,false
1754,2024-07-04,Central,Retail,1827.26,true
1755,2024-07-19,South,Online,817.39,false
1756,2024-07-22,Central,Online,2036.60,false
1757,2024-07-13,East,Direct,1440.85,false
1758,2024-07-06,West,Direct,218.03,true
1759,2024-07-04,North,Retail,1845.73,false
1760,2024-07-03,Central,Direct,1815.51,false
1761,2024-07-25,East,Online,2574.37,false
1762,2024-07-24,North,Online,220.53,false
1763,2024-07-24,East,Online,2588.25,false
1764,2024-07-06,North,Online,572.59,false
1765,2024-07-01,Central,Direct,518.07,true
1766,2024-07-17,East,Online,1728.70,false
1767,2024-07-09,West,Direct,2724.59,false
1768,2024-07-14,Central,Online,1131.77,false
1769,2024-07-09,South,Partner,857.72,false
1770,2024-07-05,East,Online,2663.79,false
1771,2024-07-18,North,Retail,1566.52,true
1772,2024-07-28,North,Direct,2290.13,false
1773,2024-07-28,East,Direct,1023.44,false
1774,2024-07-12,East,Direct,1718.27,false
1775,2024-07-23,South,Online,1194.82,false
1776,2024-07-02,North,Online,2025.20,false
1777,2024-07-22,North,Partner,978.22,true
1778,2024-07-23,South,Online,573.80,false
1779,2024-07-03,West,Partner,619.21,false
1780,2024-07-11,West,Partner,2125.39,false
1781,2024-07-15,Central,Retail,454.13,false
1782,2024-07-05,Central,Direct,843.60,true
1783,2024-07-07,South,Retail,466.07,false
1784,2024-07-13,Central,Online,1994.91,false
1785,2024-07-20,East,Online,612.12,false
1786,2024-07-21,North,Partner,2422.76,false
1787,2024-07-28,Central,Partner,731.05,false
1788,2024-07-17,East,Direct,2473.74,false
1789,2024-07-17,South,Direct,1927.28,false
1790,2024-07-25,Central,Partner,221.67,false
1791,2024-07-27,East,Online,1152.81,false
1792,2024-07-19,Central,Retail,1843.86,false
1793,2024-07-09,South,Retail,988.93,false
1794,2024-07-27,East,Online,2613.99,false
1795,2024-07-04,West,Retail,200.10,false
1796,2024-07-27,Central,Partner,842.01,false
1797,2024-08-26,North,Direct,2114.72,false
1798,2024-08-19,South,Online,898.28,true
1799,2024-08-19,West,Direct,1863.18,false
1800,2024-08-10,North,Online,422.87,false
1801,2024-08-18,East,Partner,1634.26,true
1802,2024-08-12,East,Direct,2542.27,false
1803,2024-08-03,East,Partner,1532.98,false
1804,2024-08-02,South,Online,192.58,false
1805,2024-08-10,East,Direct,1502.81,false
1806,2024-08-25,Central,Direct,623.56,false
1807,2024-08-05,Central,Partner,2182.89,true
1808,2024-08-15,North,Direct,358.09,false
1809,2024-08-22,West,Retail,1254.35,false
1810,2024-08-13,Central,Direct,1108.92,false
1811,2024-08-02,North,Direct,2645.92,false
1812,2024-08-14,South,Retail,2831.88,true
1813,2024-08-16,Central,Partner,2753.06,false
1814,2024-08-25,South,Online,626.43,false
1815,2024-08-26,East,Retail,1515.61,false
1816,2024-08-20,West,Direct,290.42,false
1817,2024-08-10,North,Partner,263.58,false
1818,2024-08-06,South,Partner,1633.57,false
1819,2024-08-09,North,Partner,1495.97,false
1820,2024-08-10,South,Retail,1881.79,false
1821,2024-08-13,Central,Online,522.63,false
1822,2024-08-21,East,Partner,1489.98,false
1823,2024-08-17,Central,Online,2357.43,false
1824,2024-08-19,Central,Direct,948.29,false
1825,2024-08-22,North,Retail,2650.43,false
1826,2024-08-17,South,Retail,2010.62,false
1827,2024-08-04,West,Retail,2641.35,false
1828,2024-08-04,West,Direct,1605.45,false
1829,2024-08-04,Central,Online,1083.02,false
1830,2024-08-13,South,Partner,2506.27,false
1831,2024-08-01,South,Online,2668.66,false
1832,2024-08-22,Central,Retail,752.27,false
1833,2024-08-05,West,Partner,1715.10,false
1834,2024-08-26,North,Direct,987.21,true
1835,2024-08-12,North,Retail,2724.81,false
1836,2024-08-19,West,Retail,2804.31,false
1837,2024-08-25,South,Direct,2737.03,true
1838,2024-08-09,Central,Online,708.82,false
1839,2024-08-03,Central,Partner,2249.02,false
1840,2024-08-03,North,Partner,1513.49,false
1841,2024-08-12,North,Direct,2717.70,false
1842,2024-08-11,East,Online,978.13,false
1843,2024-08-21,East,Retail,1634.42,false
1844,2024-08-08,South,Online,808.68,false
1845,2024-08-25,South,Retail,440.95,false
1846,2024-08-13,West,Online,1567.49,false
1847,2024-08-09,West,Online,252.82,false
1848,2024-08-17,South,Partner,2294.61,false
1849,2024-08-09,South,Retail,2719.56,false
1850,2024-08-04,South,Online,2460.92,false
1851,2024-08-05,Central,Retail,1222.64,false
1852,2024-08-26,West,Online,1550.09,false
1853,2024-08-22,East,Partner,2738.24,false
1854,2024-08-16,East,Retail,1805.29,false
1855,2024-08-02,West,Partner,2156.74,false
1856,2024-08-09,West,Retail,2741.40,false
1857,2024-08-03,Central,Direct,663.87,false
1858,2024-08-26,Central,Direct,2510.96,false
1859,2024-08-01,West,Retail,1771.96,false
1860,2024-08-26,North,Online,2681.29,false
1861,2024-08-10,Central,Online,2835.90,false
1862,2024-08-18,South,Online,2664.76,false
1863,2024-08-02,West,Direct,2363.45,false
1864,2024-08-15,Central,Partner,288.48,false
1865,2024-08-15,North,Partner,279.62,false
1866,2024-08-20,South,Direct,615.04,false
1867,2024-08-16,North,Retail,1216.66,false
1868,2024-08-17,Central,Partner,2262.62,false
1869,2024-08-12,North,Partner,2706.49,false
1870,2024-08-21,West,Online,2186.56,false
1871,2024-08-24,North,Retail,1000.71,false
1872,2024-08-03,West,Partner,2395.90,false
1873,2024-08-19,North,Retail,1187.42,false
1874,2024-08-02,South,Partner,1389.39,false
1875,2024-08-01,South,Partner,1674.52,false
1876,2024-08-17,Central,Retail,2789.00,false
1877,2024-08-04,West,Online,981.25,false
1878,2024-08-20,East,Online,2025.74,false
1879,2024-08-13,South,Retail,2834.19,false
1880,2024-08-06,East,Online,1468.30,false
1881,2024-08-17,East,Online,2129.67,false
1882,2024-08-24,North,Partner,2681.99,false
1883,2024-08-27,North,Partner,2077.16,false
1884,2024-08-15,West,Retail,1528.99,false
1885,2024-08-25,East,Direct,1770.34,false
1886,2024-08-10,West,Direct,722.55,true
1887,2024-08-14,East,Retail,226.42,false
1888,2024-08-28,Central,Partner,581.94,false
1889,2024-08-01,West,Direct,952.03,false
1890,2024-08-17,North,Direct,373.83,false
1891,2024-08-02,Central,Direct,2055.57,false
1892,2024-08-27,North,Direct,842.07,true
1893,2024-08-25,North,Online,411.34,false
1894,2024-08-22,West,Retail,2257.54,false
1895,2024-08-13,West,Partner,2252.53,false
1896,2024-08-09,East,Direct,164.56,false
1897,2024-08-09,East,Retail,986.60,false
1898,2024-08-14,Central,Retail,2135.47,false
1899,2024-08-09,South,Direct,405.31,false
1900,2024-08-02,East,Online,879.51,false
1901,2024-08-02,East,Direct,1943.92,false
1902,2024-08-19,East,Online,214.10,false
1903,2024-08-10,South,Direct,1660.72,false
1904,2024-08-24,East,Direct,1788.33,false
1905,2024-08-05,East,Partner,543.58,false
1906,2024-08-14,West,Direct,2183.02,false
1907,2024-08-02,South,Online,526.19,true
1908,2024-08-28,East,Direct,540.59,false
1909,2024-08-02,East,Retail,2177.54,false
1910,2024-08-10,North,Direct,1056.71,false
1911,2024-08-23,West,Online,588.92,false
1912,2024-08-28,North,Retail,2462.99,false
1913,2024-08-27,South,Partner,1975.63,false
1914,2024-08-28,South,Direct,1503.12,false
1915,2024-08-23,North,Retail,471.06,false
1916,2024-08-15,South,Retail,2215.80,true
1917,2024-08-15,Central,Online,2693.57,false
1918,2024-08-03,North,Partner,706.36,false
1919,2024-08-13,Central,Direct,207.13,false
1920,2024-08-02,North,Partner,1139.45,false
1921,2024-08-13,West,Partner,2632.68,false
1922,2024-08-26,South,Online,1690.01,false
1923,2024-08-17,North,Partner,2427.52,false
1924,2024-08-05,West,Online,2550.69,false
1925,2024-08-17,South,Partner,356.02,false
1926,2024-08-04,West,Online,1509.19,false
1927,2024-08-06,West,Partner,2508.22,false
1928,2024-08-17,North,Online,461.31,false
1929,2024-08-05,Central,Partner,237.89,false
1930,2024-08-07,Central,Retail,2192.39,false
1931,2024-08-12,West,Partner,1914.01,false
1932,2024-08-03,East,Direct,2453.68,false
1933,2024-08-19,South,Direct,1942.08,false
1934,2024-08-15,East,Retail,2329.22,false
1935,2024-08-18,South,Online,1793.87,false
1936,2024-08-23,South,Partner,160.69,false
1937,2024-08-25,Central,Direct,2325.55,true
1938,2024-08-08,West,Direct,2675.99,false
1939,2024-08-07,West,Online,2610.78,true
1940,2024-08-21,North,Online,361.63,false
1941,2024-09-11,South,Online,1556.71,false
1942,2024-09-05,North,Online,200.70,false
1943,2024-09-10,South,Partner,2660.46,false
1944,2024-09-16,Central,Online,880.62,false
1945,2024-09-09,South,Online,2840.79,false
1946,2024-09-27,South,Partner,2465.98,false
1947,2024-09-19,South,Direct,1387.45,false
1948,2024-09-20,East,Partner,2567.96,false
1949,2024-09-05,North,Online,1841.76,false
1950,2024-09-12,North,Online,804.36,false
1951,2024-09-04,Central,Retail,2035.75,false
1952,2024-09-10,Central,Direct,2525.24,false
1953,2024-09-09,East,Direct,1543.62,false
1954,2024-09-25,North,Online,2086.11,false
1955,2024-09-16,South,Retail,2712.89,false
1956,2024-09-22,North,Direct,816.01,false
1957,2024-09-18,Central,Online,1972.79,false
1958,2024-09-08,South,Partner,1336.87,false
1959,2024-09-02,East,Retail,1627.12,false
1960,2024-09-17,South,Retail,2446.05,false
1961,2024-09-23,North,Retail,348.68,true
1962,2024-09-27,West,Direct,841.25,false
1963,2024-09-03,South,Partner,2783.23,false
1964,2024-09-22,West,Retail,1239.49,false
1965,2024-09-18,South,Retail,607.38,false
1966,2024-09-20,Central,Direct,704.56,false
1967,2024-09-18,North,Retail,2697.23,false
1968,2024-09-08,West,Retail,1468.82,false
1969,2024-09-15,South,Retail,2830.67,false
1970,2024-09-28,North,Partner,542.19,false
1971,2024-09-23,North,Online,1811.08,false
1972,2024-09-03,Central,Direct,781.20,false
1973,2024-09-28,East,Online,480.01,false
1974,2024-09-14,West,Partner,1477.19,false
1975,2024-09-17,East,Partner,896.38,true
1976,2024-09-04,Central,Retail,2499.97,false
1977,2024-09-03,South,Retail,1639.29,false
1978,2024-09-03,Central,Retail,150.18,false
1979,2024-09-13,North,Partner,1612.37,false
1980,2024-09-01,Central,Retail,2774.99,false
1981,2024-09-15,North,Direct,2826.94,true
1982,2024-09-10,Central,Retail,2181.65,false
1983,2024-09-07,South,Online,2035.73,false
1984,2024-09-11,Central,Retail,929.26,false
1985,2024-09-06,North,Partner,244.96,false
1986,2024-09-23,Central,Online,413.77,false
1987,2024-09-04,North,Online,363.38,false
1988,2024-09-10,East,Partner,2791.07,false
1989,2024-09-27,South,Online,1152.04,false
1990,2024-09-01,Central,Partner,798.08,false
1991,2024-09-02,East,Retail,147.21,false
1992,2024-09-28,North,Direct,2113.00,false
1993,2024-09-15,North,Partner,632.85,false
1994,2024-09-04,East,Online,637.91,true
1995,2024-09-18,North,Online,1938.01,true
1996,2024-09-10,Central,Online,408.46,false
1997,2024-09-12,West,Partner,1458.57,true
1998,2024-09-10,Central,Retail,2760.48,true
1999,2024-09-23,South,Retail,1854.13,false
2000,2024-09-05,West,Retail,2685.27,false
2001,2024-09-26,Central,Retail,1076.89,false
2002,2024-09-03,North,Direct,2838.81,false
2003,2024-09-20,East,Online,2209.53,false
2004,2024-09-23,South,Retail,1016.32,false
2005,2024-09-14,North,Retail,2693.72,false
2006,2024-09-14,East,Partner,1406.00,false
2007,2024-09-22,South,Partner,2748.53,false
2008,2024-09-26,South,Online,2010.57,false
2009,2024-09-21,East,Partner,153.36,false
2010,2024-09-06,West,Partner,2129.03,false
2011,2024-09-28,North,Online,1195.46,true
2012,2024-09-25,Central,Retail,753.57,false
2013,2024-09-16,West,Retail,1664.79,false
2014,2024-09-27,East,Online,1021.19,false
2015,2024-09-15,West,Online,935.34,false
2016,2024-09-25,West,Retail,667.41,true
2017,2024-09-12,North,Retail,151.22,false
2018,2024-09-10,North,Online,2199.76,false
2019,2024-09-11,Central,Online,1798.33,false
2020,2024-09-24,North,Online,1705.37,false
2021,2024-09-26,West,Retail,2394.37,false
2022,2024-09-13,West,Retail,1398.62,false
2023,2024-09-27,Central,Partner,2209.89,false
2024,2024-09-25,East,Retail,1446.68,false
2025,2024-09-28,Central,Online,1226.29,false
2026,2024-09-25,Central,Direct,2516.73,false
2027,2024-09-17,East,Retail,1095.13,false
2028,2024-09-06,East,Retail,2715.95,false
2029,2024-09-10,West,Direct,1068.88,false
2030,2024-09-23,South,Direct,2450.31,false
2031,2024-09-14,Central,Retail,1322.35,false
2032,2024-09-04,Central,Online,1638.05,false
2033,2024-09-28,East,Online,364.53,false
2034,2024-09-06,North,Direct,895.83,false
2035,2024-09-28,West,Direct,2043.05,false
2036,2024-09-25,East,Retail,1158.12,false
2037,2024-09-02,South,Partner,2053.75,false
2038,2024-09-12,West,Online,1643.82,false
2039,2024-09-22,Central,Retail,1929.57,false
2040,2024-09-04,North,Retail,2549.64,false
2041,2024-09-13,West,Direct,1427.55,false
2042,2024-09-26,West,Online,2313.17,false
2043,2024-09-15,North,Partner,2725.07,false
2044,2024-09-09,North,Direct,1974.58,false
2045,2024-09-12,West,Partner,2080.73,false
2046,2024-09-12,West,Partner,1459.59,false
2047,2024-09-19,Central,Direct,687.62,false
2048,2024-09-09,North,Partner,1893.64,false
2049,2024-09-13,East,Retail,2812.76,false
2050,2024-09-26,Central,Direct,2414.89,false
2051,2024-09-14,Central,Retail,708.25,false
2052,2024-09-25,West,Retail,750.25,false
2053,2024-09-06,South,Direct,1437.41,false
2054,2024-09-15,Central,Partner,1251.78,false
2055,2024-09-07,South,Retail,2296.14,false
2056,2024-09-15,South,Retail,2854.17,false
2057,2024-09-25,Central,Retail,826.89,false
2058,2024-09-21,South,Retail,482.27,false
2059,2024-09-02,Central,Retail,532.50,false
2060,2024-09-28,West,Online,1918.11,false
2061,2024-09-21,West,Direct,2857.20,true
2062,2024-09-02,East,Direct,577.90,false
2063,2024-09-03,East,Partner,2174.66,false
2064,2024-09-01,Central,Direct,1372.91,false
2065,2024-09-13,North,Retail,204.81,false
2066,2024-09-08,East,Online,174.38,true
2067,2024-09-16,East,Direct,2467.60,false
2068,2024-09-04,Central,Partner,966.34,false
2069,2024-09-07,North,Online,1890.87,false
2070,2024-09-22,North,Retail,2553.11,false
2071,2024-09-26,South,Partner,1627.21,true
2072,2024-09-27,South,Direct,882.09,false
2073,2024-09-22,West,Direct,1858.54,true
2074,2024-09-24,Central,Online,2734.67,true
2075,2024-09-06,West,Direct,2261.43,false
2076,2024-09-17,North,Online,759.56,false
2077,2024-09-02,South,Online,679.07,false
2078,2024-10-04,Central,Direct,826.88,true
2079,2024-10-04,South,Partner,2786.53,true
2080,2024-10-15,Central,Retail,235.20,false
2081,2024-10-05,East,Partner,958.36,false
2082,2024-10-24,Central,Online,2494.42,false
2083,2024-10-01,South,Retail,2579.80,false
2084,2024-10-07,North,Retail,162.92,false
2085,2024-10-06,West,Online,2848.85,false
2086,2024-10-07,West,Direct,2796.82,false
2087,2024-10-26,North,Direct,531.95,false
2088,2024-10-15,Central,Online,1124.89,false
2089,2024-10-14,South,Direct,587.24,false
2090,2024-10-07,South,Retail,682.49,false
2091,2024-10-25,Central,Retail,1272.01,false
2092,2024-10-23,West,Partner,358.76,false
2093,2024-10-12,North,Partner,1009.21,false
2094,2024-10-22,West,Online,704.52,false
2095,2024-10-17,North,Direct,1554.54,false
2096,2024-10-25,North,Online,2249.86,false
2097,2024-10-04,South,Partner,2263.01,false
2098,2024-10-11,North,Direct,846.27,false
2099,2024-10-06,East,Partner,871.24,false
2100,2024-10-05,Central,Online,813.85,false
2101,2024-10-05,East,Partner,1232.68,false
2102,2024-10-19,South,Direct,2769.04,false
2103,2024-10-07,Central,Online,475.24,false
2104,2024-10-17,North,Direct,430.03,false
2105,2024-10-12,Central,Online,2605.75,false
2106,2024-10-08,South,Partner,819.61,false
2107,2024-10-11,Central,Partner,1383.61,false
2108,2024-10-28,East,Direct,2480.13,false
2109,2024-10-05,North,Partner,1057.25,false
2110,2024-10-22,North,Direct,2403.56,false
2111,2024-10-25,South,Online,2669.10,false
2112,2024-10-20,South,Online,1290.91,false
2113,2024-10-24,Central,Retail,1455.80,false
2114,2024-10-19,Central,Partner,2674.66,false
2115,2024-10-22,North,Direct,221.59,false
2116,2024-10-20,East,Online,1668.72,false
2117,2024-10-19,North,Partner,1006.23,false
2118,2024-10-24,North,Retail,1805.20,false
2119,2024-10-01,Central,Direct,1875.67,false
2120,2024-10-08,South,Online,1274.03,false
2121,2024-10-22,West,Retail,2883.72,false
2122,2024-10-05,North,Partner,1485.57,false
2123,2024-10-11,Central,Partner,1351.92,false
2124,2024-10-27,South,Direct,1795.63,false
2125,2024-10-14,Central,Direct,1546.59,false
2126,2024-10-10,East,Partner,2678.00,false
2127,2024-10-02,East,Partner,960.59,false
2128,2024-10-27,North,Direct,1606.96,false
2129,2024-10-06,West,Online,1383.25,false
2130,2024-10-11,West,Online,288.65,false
2131,2024-10-14,North,Partner,2790.88,false
2132,2024-10-07,East,Online,584.61,false
2133,2024-10-20,South,Retail,2870.62,false
2134,2024-10-04,North,Partner,2332.26,false
2135,2024-10-15,South,Partner,2298.12,false
2136,2024-10-24,Central,Retail,2806.94,false
2137,2024-10-06,South,Online,2135.11,false
2138,2024-10-02,South,Online,552.83,false
2139,2024-10-04,South,Retail,821.63,false
2140,2024-10-10,Central,Online,2619.69,false
2141,2024-10-17,North,Online,1742.29,false
2142,2024-10-27,South,Online,1400.69,false
2143,2024-10-08,South,Partner,1665.71,false
2144,2024-10-26,South,Direct,2445.09,false
2145,2024-10-06,West,Partner,1438.80,false
2146,2024-10-19,East,Partner,1250.00,false
2147,2024-10-25,East,Retail,1819.64,false
2148,2024-10-28,West,Retail,1353.79,false
2149,2024-10-10,Central,Retail,2732.16,false
2150,2024-10-12,East,Direct,2871.69,false
2151,2024-10-25,North,Direct,717.53,true
2152,2024-10-25,East,Retail,2337.03,true
2153,2024-10-25,North,Partner,347.40,false
2154,2024-10-22,South,Partner,1905.05,false
2155,2024-10-19,South,Retail,2794.82,false
2156,2024-10-08,South,Online,1473.65,false
2157,2024-10-06,North,Online,2392.70,false
2158,2024-10-25,West,Direct,2060.69,false
2159,2024-10-26,Central,Partner,2226.39,false
2160,2024-10-18,South,Retail,1702.04,false
2161,2024-10-13,South,Online,1613.79,false
2162,2024-10-14,East,Direct,936.25,false
2163,2024-10-25,Central,Direct,1263.99,false
2164,2024-10-14,North,Online,1742.91,false
2165,2024-10-22,North,Partner,2579.51,false
2166,2024-10-07,South,Online,2371.33,false
2167,2024-10-21,Central,Online,2387.43,false
2168,2024-10-19,East,Retail,2191.29,false
2169,2024-10-07,Central,Direct,2207.49,false
2170,2024-10-22,North,Partner,472.13,false
2171,2024-10-17,West,Online,1715.61,false
2172,2024-10-05,Central,Partner,2862.45,false
2173,2024-10-25,West,Online,2027.84,true
2174,2024-10-04,South,Retail,588.24,false
2175,2024-10-01,East,Partner,2159.47,false
2176,2024-10-13,Central,Retail,2177.65,false
2177,2024-10-24,Central,Partner,1675.32,false
2178,2024-10-22,East,Online,1531.09,false
2179,2024-10-10,Central,Direct,1896.47,true
2180,2024-10-16,North,Online,2226.01,false
2181,2024-10-22,South,Retail,567.48,false
2182,2024-10-21,North,Direct,1643.05,false
2183,2024-10-22,East,Direct,711.97,false
2184,2024-10-09,South,Online,998.10,false
2185,2024-10-04,East,Retail,1390.73,false
2186,2024-10-16,North,Direct,1984.68,false
2187,2024-10-11,Central,Partner,2239.37,false
2188,2024-10-06,Central,Retail,1466.94,false
2189,2024-10-06,East,Retail,223.93,false
2190,2024-10-09,South,Partner,1946.64,false
2191,2024-10-01,West,Online,1200.60,false
2192,2024-10-27,East,Retail,1849.04,true
2193,2024-10-03,North,Online,1273.58,false
2194,2024-10-10,West,Online,1170.65,false
2195,2024-10-03,South,Retail,218.24,false
2196,2024-10-05,East,Direct,1107.29,false
2197,2024-10-14,North,Retail,408.18,false
2198,2024-10-18,South,Retail,1855.25,false
2199,2024-10-26,South,Partner,2525.28,false
2200,2024-10-22,South,Online,747.21,false
2201,2024-10-03,West,Retail,760.12,false
2202,2024-10-03,South,Retail,722.37,false
2203,2024-10-21,West,Direct,2456.76,false
2204,2024-10-22,South,Partner,1439.35,false
2205,2024-10-13,South,Partner,402.46,false
2206,2024-10-16,South,Retail,627.13,false
2207,2024-10-01,South,Retail,295.75,false
2208,2024-10-05,Central,Partner,2416.34,false
2209,2024-11-14,South,Direct,251.60,false
2210,2024-11-25,West,Direct,2256.96,false
2211,2024-11-16,East,Online,941.76,false
2212,2024-11-01,South,Direct,1685.40,false
2213,2024-11-23,South,Online,1609.64,true
2214,2024-11-07,East,Direct,1205.30,true
2215,2024-11-04,Central,Online,2685.16,false
2216,2024-11-07,South,Retail,2647.77,false
2217,2024-11-14,West,Partner,1628.58,false
2218,2024-11-01,North,Direct,1835.13,false
2219,2024-11-05,West,Partner,552.14,false
2220,2024-11-19,West,Retail,691.32,true
2221,2024-11-26,Central,Direct,2533.31,false
2222,2024-11-24,North,Online,972.83,false
2223,2024-11-10,East,Partner,1975.13,false
2224,2024-11-23,Central,Online,2802.33,false
2225,2024-11-18,West,Online,277.00,false
2226,2024-11-03,West,Partner,222.89,false
2227,2024-11-21,South,Direct,2691.92,false
2228,2024-11-18,East,Online,2467.70,false
2229,2024-11-07,East,Direct,2085.37,false
2230,2024-11-20,East,Direct,2252.64,false
2231,2024-11-10,West,Online,233.72,false
2232,2024-11-24,North,Retail,995.62,true
2233,2024-11-15,South,Partner,886.06,false
2234,2024-11-02,South,Partner,2185.31,false
2235,2024-11-08,East,Online,805.96,false
2236,2024-11-26,South,Retail,1651.14,false
2237,2024-11-26,East,Partner,2830.17,true
2238,2024-11-28,North,Direct,752.87,false
2239,2024-11-11,North,Retail,1760.44,false
2240,2024-11-05,North,Online,1076.04,false
2241,2024-11-19,North,Online,2155.36,false
2242,2024-11-05,North,Retail,808.18,false
2243,2024-11-28,North,Partner,465.77,false
2244,2024-11-10,South,Partner,355.43,false
2245,2024-11-23,East,Direct,2199.85,false
2246,2024-11-08,South,Partner,2487.17,false
2247,2024-11-22,South,Online,199.78,false
2248,2024-11-16,East,Direct,515.43,false
2249,2024-11-10,Central,Online,202.78,false
2250,2024-11-19,West,Direct,1683.42,false
2251,2024-11-06,Central,Retail,897.50,false
2252,2024-11-04,South,Partner,2594.77,false
2253,2024-11-11,Central,Direct,1248.02,false
2254,2024-11-15,North,Online,1279.69,false
2255,2024-11-04,East,Retail,2150.69,false
2256,2024-11-19,North,Online,2087.57,false
2257,2024-11-10,West,Retail,961.95,false
2258,2024-11-24,North,Retail,2225.93,false
2259,2024-11-11,South,Online,1229.59,false
2260,2024-11-07,South,Partner,2007.18,false
2261,2024-11-22,South,Online,246.92,false
2262,2024-11-11,South,Online,1169.08,false
2263,2024-11-08,West,Retail,2701.57,false
2264,2024-11-09,South,Retail,1807.54,false
2265,2024-11-14,South,Online,1416.64,false
2266,2024-11-24,Central,Retail,2003.58,false
2267,2024-11-18,West,Retail,2451.59,false
2268,2024-11-22,West,Direct,2250.98,false
2269,2024-11-02,East,Partner,2665.52,false
2270,2024-11-22,North,Direct,2884.09,false
2271,2024-11-05,West,Direct,1392.23,false
2272,2024-11-15,East,Retail,1022.20,false
2273,2024-11-24,North,Direct,2794.02,false
2274,2024-11-18,North,Direct,1900.92,false
2275,2024-11-12,East,Online,2584.72,false
2276,2024-11-06,Central,Direct,753.74,false
2277,2024-11-25,West,Partner,2033.59,false
2278,2024-11-13,East,Retail,1246.01,false
2279,2024-11-07,East,Retail,1031.19,false
2280,2024-11-02,West,Retail,291.52,false
2281,2024-11-23,North,Partner,620.13,false
2282,2024-11-20,South,Online,2410.39,false
2283,2024-11-09,Central,Direct,1208.96,true
2284,2024-11-18,East,Online,2299.91,false
2285,2024-11-01,East,Retail,2689.83,false
2286,2024-11-14,North,Retail,1657.40,false
2287,2024-11-23,North,Partner,1561.30,false
2288,2024-11-23,South,Partner,1147.46,false
2289,2024-11-24,South,Partner,361.31,false
2290,2024-11-16,West,Direct,2134.02,false
2291,2024-11-15,North,Online,576.90,false
2292,2024-11-23,South,Retail,2873.92,false
2293,2024-11-01,Central,Retail,1120.86,false
2294,2024-11-26,West,Retail,414.20,false
2295,2024-11-28,West,Retail,1397.01,false
2296,2024-11-24,South,Direct,1307.26,false
2297,2024-11-02,Central,Retail,2195.50,false
2298,2024-11-26,West,Online,994.29,false
2299,2024-11-08,Central,Retail,2408.76,false
2300,2024-11-25,South,Partner,208.27,false
2301,2024-11-04,West,Direct,1425.27,false
2302,2024-12-14,Central,Online,440.04,false
2303,2024-12-11,South,Online,1670.60,true
2304,2024-12-13,North,Direct,2845.44,false
2305,2024-12-14,East,Direct,2567.83,false
2306,2024-12-16,North,Online,1670.92,false
2307,2024-12-15,East,Retail,1077.81,false
2308,2024-12-22,East,Online,1058.11,false
2309,2024-12-16,South,Direct,1054.06,false
2310,2024-12-07,North,Partner,193.74,true
2311,2024-12-03,East,Direct,1271.11,false
2312,2024-12-10,Central,Retail,1198.96,false
2313,2024-12-23,West,Direct,1374.77,false
2314,2024-12-21,East,Online,2212.31,false
2315,2024-12-06,Central,Online,1824.60,false
2316,2024-12-22,East,Online,1989.87,false
2317,2024-12-11,East,Partner,617.81,false
2318,2024-12-24,West,Direct,1798.88,false
2319,2024-12-20,North,Online,1456.45,false
2320,2024-12-12,Central,Online,1790.68,false
2321,2024-12-07,East,Retail,333.38,false
2322,2024-12-03,North,Retail,2149.31,false
2323,2024-12-23,East,Partner,1179.86,false
2324,2024-12-27,West,Direct,2015.26,false
2325,2024-12-01,East,Online,2620.65,false
2326,2024-12-25,East,Partner,720.84,false
2327,2024-12-26,Central,Retail,1814.50,false
2328,2024-12-13,West,Retail,619.35,false
2329,2024-12-18,East,Partner,305.77,false
2330,2024-12-02,South,Retail,2326.88,true
2331,2024-12-23,Central,Online,2314.00,false
2332,2024-12-17,South,Direct,2699.19,false
2333,2024-12-16,West,Online,1389.95,false
2334,2024-12-01,South,Direct,2857.69,false
2335,2024-12-08,South,Direct,1789.49,false
2336,2024-12-24,Central,Online,1016.09,false
2337,2024-12-19,West,Online,2709.80,false
2338,2024-12-13,South,Retail,555.70,false
2339,2024-12-06,East,Direct,2106.18,false
2340,2024-12-07,South,Direct,2923.41,false
2341,2024-12-23,East,Direct,739.50,false
2342,2024-12-10,North,Direct,2777.80,false
2343,2024-12-24,North,Partner,1973.06,false
2344,2024-12-22,West,Retail,1348.46,false
2345,2024-12-10,South,Direct,1327.85,false
2346,2024-12-01,West,Partner,1795.43,false
2347,2024-12-07,East,Online,1925.83,false
2348,2024-12-23,East,Online,2368.64,true
2349,2024-12-22,Central,Retail,2250.93,false
2350,2024-12-24,North,Online,1406.18,false
2351,2024-12-19,West,Partner,1196.72,false
2352,2024-12-27,South,Online,2892.97,false
2353,2024-12-15,West,Retail,2441.76,false
2354,2024-12-20,South,Online,1861.48,false
2355,2024-12-25,South,Online,1072.92,false
2356,2024-12-16,West,Direct,2206.06,false
2357,2024-12-18,East,Direct,1355.10,false
2358,2024-12-12,North,Partner,1346.05,false
2359,2024-12-13,West,Partner,580.51,false
2360,2024-12-14,West,Online,896.99,false
2361,2024-12-19,East,Online,2480.03,false
2362,2024-12-14,East,Retail,1644.37,false
2363,2024-12-24,West,Direct,261.42,false
2364,2024-12-22,West,Partner,1727.43,false
2365,2024-12-07,Central,Partner,717.42,true
2366,2024-12-27,West,Partner,1401.97,false
2367,2024-12-19,South,Retail,1672.57,false
2368,2024-12-12,East,Retail,2278.12,false
2369,2024-12-28,Central,Direct,1619.64,false
2370,2024-12-27,West,Partner,291.06,false
2371,2024-12-16,North,Retail,1826.28,false
2372,2024-12-21,North,Direct,1921.65,false
2373,2024-12-09,Central,Direct,2052.61,false
2374,2024-12-13,East,Direct,2482.09,false
2375,2024-12-23,East,Direct,1759.07,false
2376,2024-12-09,West,Partner,2990.71,false
2377,2024-12-18,East,Online,498.21,false
2378,2024-12-24,Central,Partner,213.33,false
2379,2024-12-27,Central,Partner,1168.10,true
2380,2024-12-01,North,Direct,612.83,false
2381,2024-12-13,West,Direct,811.42,false
2382,2024-12-10,Central,Retail,644.58,false
2383,2024-12-19,Central,Direct,1744.77,false
2384,2024-12-09,East,Direct,1959.00,false
2385,2024-12-02,East,Partner,692.35,false
2386,2024-12-07,South,Partner,532.45,false
2387,2024-12-06,East,Direct,1831.72,false
2388,2024-12-03,West,Partner,839.09,false
2389,2024-12-08,West,Online,1463.44,false
2390,2024-12-22,South,Partner,2056.56,false
2391,2024-12-09,East,Direct,1552.67,false
2392,2024-12-18,East,Direct,151.24,false
2393,2024-12-21,East,Online,1269.60,true
2394,2024-12-25,West,Retail,405.17,false
2395,2024-12-12,East,Direct,2414.89,false
2396,2024-12-21,East,Online,2276.18,false
2397,2024-12-06,West,Retail,2374.03,false
2398,2024-12-14,North,Direct,2552.25,false
2399,2024-12-10,Central,Retail,1429.73,false
2400,2024-12-19,West,Retail,2499.37,false
2401,2024-12-07,Central,Partner,1641.99,false
2402,2024-12-10,East,Retail,783.78,false
2403,2024-12-15,West,Partner,631.13,false
2404,2024-12-03,Central,Direct,926.36,false
2405,2024-12-10,West,Retail,2530.49,false
2406,2024-12-23,Central,Retail,626.30,false
2407,2024-12-25,Central,Direct,856.98,false
2408,2024-12-02,South,Retail,292.02,false
2409,2024-12-17,East,Direct,2390.57,false
2410,2024-12-28,North,Retail,2049.59,false
2411,2024-12-14,Central,Online,1144.66,false
2412,2024-12-24,South,Direct,2683.62,false
2413,2025-01-15,West,Direct,1588.12,false
2414,2025-01-07,West,Direct,2844.06,false
2415,2025-01-12,West,Online,2078.76,false
2416,2025-01-18,Central,Online,2523.75,false
2417,2025-01-04,South,Retail,791.60,false
2418,2025-01-09,West,Partner,2238.65,false
2419,2025-01-08,West,Partner,1937.80,true
2420,2025-01-18,South,Retail,988.97,false
2421,2025-01-05,West,Partner,2552.55,false
2422,2025-01-08,North,Direct,3045.36,false
2423,2025-01-23,East,Partner,873.85,false
2424,2025-01-26,East,Direct,311.64,false
2425,2025-01-24,East,Retail,996.54,false
2426,2025-01-24,Central,Direct,1235.18,false
2427,2025-01-22,South,Online,1056.23,false
2428,2025-01-16,South,Online,2127.17,false
2429,2025-01-20,West,Partner,1537.16,false
2430,2025-01-26,South,Direct,1102.71,false
2431,2025-01-05,West,Retail,2057.57,false
2432,2025-01-22,West,Online,2731.17,false
2433,2025-01-07,South,Partner,2833.56,false
2434,2025-01-09,East,Retail,694.09,false
2435,2025-01-08,North,Online,3062.34,false
2436,2025-01-23,South,Retail,2078.84,false
2437,2025-01-12,East,Retail,1044.51,false
2438,2025-01-02,East,Direct,742.75,false
2439,2025-01-28,West,Direct,2783.51,true
2440,2025-01-08,Central,Direct,2785.78,false
2441,2025-01-01,South,Partner,786.33,false
2442,2025-01-02,North,Partner,244.73,false
2443,2025-01-22,West,Retail,247.44,false
2444,2025-01-21,North,Retail,1881.31,false
2445,2025-01-14,South,Partner,2975.08,false
2446,2025-01-11,South,Online,1074.36,false
2447,2025-01-17,North,Online,3029.70,false
2448,2025-01-17,East,Retail,749.16,false
2449,2025-01-09,North,Direct,276.98,false
2450,2025-01-11,North,Online,265.90,false
2451,2025-01-01,South,Direct,1780.18,false
2452,2025-01-03,Central,Direct,2924.67,false
2453,2025-01-08,East,Direct,956.76,true
2454,2025-01-17,North,Direct,737.65,true
2455,2025-01-22,West,Partner,2684.73,false
2456,2025-01-26,North,Retail,1508.41,false
2457,2025-01-01,South,Direct,787.43,false
2458,2025-01-26,Central,Online,927.81,false
2459,2025-01-16,East,Online,1492.86,false
2460,2025-01-01,East,Retail,1600.20,false
2461,2025-01-25,Central,Direct,3055.10,false
2462,2025-01-03,North,Partner,1668.66,false
2463,2025-01-14,North,Online,482.75,false
2464,2025-01-02,Central,Direct,1845.91,false
2465,2025-01-19,North,Retail,2010.24,true
2466,2025-01-15,West,Direct,2338.98,false
2467,2025-01-27,East,Direct,459.03,false
2468,2025-01-21,Central,Retail,2742.07,false
2469,2025-01-06,East,Direct,1365.06,false
2470,2025-01-02,East,Partner,620.97,false
2471,2025-01-28,North,Direct,1612.17,false
2472,2025-01-22,South,Online,303.86,true
2473,2025-01-14,South,Direct,770.13,false
2474,2025-01-13,West,Retail,1150.91,false
2475,2025-01-04,South,Retail,2409.90,false
2476,2025-01-11,Central,Partner,2481.55,false
2477,2025-01-20,North,Direct,2003.12,false
2478,2025-01-03,South,Retail,2159.12,false
2479,2025-01-27,South,Direct,1894.17,false
2480,2025-01-22,Central,Online,2900.63,false
2481,2025-01-28,South,Partner,1669.43,false
2482,2025-01-25,West,Retail,1856.47,false
2483,2025-01-13,South,Online,2591.23,false
2484,2025-01-11,West,Direct,912.19,false
2485,2025-01-14,Central,Direct,538.87,false
2486,2025-01-02,Central,Retail,1108.04,false
2487,2025-01-14,North,Retail,1467.64,false
2488,2025-01-06,East,Direct,1791.00,false
2489,2025-01-18,East,Online,1112.99,false
2490,2025-01-26,South,Partner,1460.37,false
2491,2025-01-22,East,Direct,1079.12,false
2492,2025-01-15,South,Online,991.03,false
2493,2025-01-28,North,Direct,945.42,false
2494,2025-01-14,East,Retail,1318.99,false
2495,2025-01-27,West,Online,1243.71,false
2496,2025-01-25,Central,Retail,2282.17,true
2497,2025-01-21,East,Online,1031.92,false
2498,2025-01-15,South,Partner,1572.23,false
2499,2025-01-07,Central,Retail,2330.17,false
2500,2025-01-16,South,Partner,331.96,false
2501,2025-01-16,North,Partner,640.80,true
2502,2025-01-26,Central,Partner,3057.15,false
2503,2025-01-18,Central,Partner,1104.12,false
2504,2025-01-23,South,Retail,652.44,false
2505,2025-01-04,South,Direct,520.79,false
2506,2025-01-21,South,Retail,3007.03,false
2507,2025-01-16,South,Retail,1556.05,false
2508,2025-01-19,Central,Partner,680.22,false
2509,2025-01-24,South,Partner,1864.31,false
2510,2025-01-18,South,Direct,1689.29,false
2511,2025-01-11,West,Direct,526.89,false
2512,2025-01-22,Central,Online,415.93,false
2513,2025-01-13,South,Retail,318.63,false
2514,2025-01-28,East,Partner,2379.69,false
2515,2025-01-26,Central,Direct,1339.20,false
2516,2025-01-02,East,Online,1456.96,false
2517,2025-01-16,North,Online,2001.15,false
2518,2025-01-20,West,Retail,1950.50,false
2519,2025-01-05,South,Partner,2401.17,false
2520,2025-01-02,North,Direct,2374.05,true
2521,2025-01-13,South,Direct,204.85,false
2522,2025-01-19,South,Partner,1734.27,false
2523,2025-02-27,North,Online,2244.53,false
2524,2025-02-27,North,Online,2750.83,false
2525,2025-02-10,South,Direct,2537.66,false
2526,2025-02-04,East,Direct,369.05,false
2527,2025-02-08,Central,Direct,1508.01,false
2528,2025-02-11,North,Partner,3000.59,false
2529,2025-02-28,Central,Partner,2264.05,false
2530,2025-02-05,East,Retail,1461.34,false
2531,2025-02-28,West,Retail,1938.43,true
2532,2025-02-04,South,Partner,755.36,false
2533,2025-02-28,North,Direct,3107.13,false
2534,2025-02-18,Central,Retail,2060.36,false
2535,2025-02-25,North,Online,1531.68,false
2536,2025-02-27,Central,Partner,2215.78,true
2537,2025-02-28,South,Online,1915.66,false
2538,2025-02-01,East,Direct,1365.30,true
2539,2025-02-04,North,Online,988.39,false
2540,2025-02-08,Central,Online,365.00,false
2541,2025-02-28,North,Retail,2395.48,false
2542,2025-02-21,North,Direct,889.71,false
2543,2025-02-07,South,Direct,629.90,false
2544,2025-02-14,South,Online,2242.26,false
2545,2025-02-10,South,Online,1806.97,false
2546,2025-02-05,North,Direct,2444.85,false
2547,2025-02-02,Central,Online,1255.82,false
2548,2025-02-11,East,Retail,1415.28,false
2549,2025-02-14,East,Retail,2579.33,false
2550,2025-02-24,Central,Retail,845.00,true
2551,2025-02-17,Central,Retail,3091.42,false
2552,2025-02-12,South,Online,553.40,false
2553,2025-02-26,East,Partner,1354.74,false
2554,2025-02-14,South,Retail,2159.20,false
2555,2025-02-25,Central,Partner,1630.26,false
2556,2025-02-18,Central,Direct,3035.77,true
2557,2025-02-13,North,Online,910.11,false
2558,2025-02-10,North,Direct,3017.02,false
2559,2025-02-14,South,Online,1701.05,true
2560,2025-02-08,Central,Retail,486.24,true
2561,2025-02-28,South,Retail,824.67,false
2562,2025-02-27,South,Retail,2180.78,false
2563,2025-02-17,North,Partner,285.38,false
2564,2025-02-25,West,Partner,2936.01,false
2565,2025-02-27,East,Online,230.73,false
2566,2025-02-20,South,Retail,749.56,false
2567,2025-02-07,North,Retail,970.64,false
2568,2025-02-14,East,Direct,1165.61,false
2569,2025-02-15,East,Partner,599.14,true
2570,2025-02-12,North,Partner,152.41,false
2571,2025-02-12,South,Partner,2156.67,false
2572,2025-02-22,North,Direct,284.36,false
2573,2025-02-02,West,Online,925.63,false
2574,2025-02-26,South,Online,2818.32,false
2575,2025-02-13,North,Online,970.46,false
2576,2025-02-21,North,Retail,861.87,false
2577,2025-02-18,South,Direct,2522.65,false
2578,2025-02-09,South,Partner,2161.51,false
2579,2025-02-08,Central,Partner,776.62,false
2580,2025-02-12,North,Direct,284.68,false
2581,2025-02-01,East,Direct,193.77,false
2582,2025-02-14,South,Retail,216.29,false
2583,2025-02-24,East,Online,236.57,false
2584,2025-02-19,North,Direct,223.67,false
2585,2025-02-28,North,Direct,2290.79,false
2586,2025-02-21,East,Direct,2194.19,false
2587,2025-02-05,East,Online,1034.91,false
2588,2025-02-08,North,Partner,217.84,false
2589,2025-02-12,West,Partner,577.26,false
2590,2025-02-04,South,Retail,1797.80,true
2591,2025-02-08,South,Online,231.61,false
2592,2025-02-19,Central,Retail,1327.99,false
2593,2025-02-20,Central,Partner,2121.03,false
2594,2025-02-25,Central,Online,558.82,false
2595,2025-02-28,South,Retail,470.47,false
2596,2025-02-17,South,Partner,1154.12,false
2597,2025-02-24,West,Retail,852.87,false
2598,2025-02-02,South,Online,2924.32,false
2599,2025-02-01,North,Partner,2179.99,false
2600,2025-02-28,South,Partner,1996.63,false
2601,2025-02-05,South,Retail,1230.52,false
2602,2025-02-17,Central,Direct,2997.59,false
2603,2025-02-20,Central,Partner,2279.25,false
2604,2025-02-04,North,Online,1744.38,false
2605,2025-02-08,South,Direct,740.69,false
2606,2025-02-12,South,Direct,2343.44,false
2607,2025-02-25,North,Retail,2300.50,false
2608,2025-02-24,South,Online,382.85,false
2609,2025-02-12,Central,Retail,2104.17,false
2610,2025-02-04,South,Online,1480.56,false
2611,2025-02-13,Central,Partner,848.89,false
2612,2025-02-25,East,Retail,2029.19,false
2613,2025-02-10,West,Direct,641.98,false
2614,2025-02-27,North,Retail,2392.00,false
2615,2025-02-25,East,Online,1222.64,false
2616,2025-02-07,West,Direct,1738.78,false
2617,2025-02-26,Central,Online,183.61,false
2618,2025-02-23,North,Retail,1183.78,false
2619,2025-02-23,Central,Retail,1241.00,false
2620,2025-02-05,East,Retail,1335.05,false
2621,2025-02-14,North,Retail,196.58,false
2622,2025-02-05,East,Retail,3017.77,false
2623,2025-02-06,East,Retail,2291.47,false
2624,2025-02-15,East,Retail,2113.32,false
2625,2025-02-17,West,Retail,487.80,false
2626,2025-02-26,Central,Retail,2901.47,false
2627,2025-03-26,North,Partner,1679.17,false
2628,2025-03-21,South,Online,2826.29,false
2629,2025-03-23,South,Partner,186.57,false
2630,2025-03-04,North,Retail,2526.90,true
2631,2025-03-02,East,Direct,1458.24,false
2632,2025-03-15,South,Partner,216.85,false
2633,2025-03-28,West,Retail,2994.07,false
2634,2025-03-26,North,Retail,749.44,false
2635,2025-03-08,Central,Direct,198.34,false
2636,2025-03-21,Central,Online,2873.11,false
2637,2025-03-14,East,Partner,298.45,false
2638,2025-03-05,Central,Online,2720.95,false
2639,2025-03-14,South,Online,162.41,false
2640,2025-03-16,East,Partner,1017.76,false
2641,2025-03-22,West,Direct,244.05,false
2642,2025-03-07,North,Direct,2475.85,false
2643,2025-03-01,South,Partner,1634.47,false
2644,2025-03-26,East,Direct,2808.08,false
2645,2025-03-18,South,Retail,1814.00,false
2646,2025-03-12,North,Partner,2947.01,false
2647,2025-03-03,East,Partner,2385.99,false
2648,2025-03-14,Central,Retail,2671.10,true
2649,2025-03-06,East,Retail,3060.20,false
2650,2025-03-12,Central,Retail,1165.40,false
2651,2025-03-26,Central,Online,1273.21,false
2652,2025-03-06,North,Direct,717.10,false
2653,2025-03-01,Central,Direct,647.18,false
2654,2025-03-03,East,Retail,1299.91,false
2655,2025-03-02,South,Partner,2297.63,false
2656,2025-03-06,North,Direct,485.49,false
2657,2025-03-19,East,Retail,655.19,false
2658,2025-03-18,West,Retail,3013.54,false
2659,2025-03-22,Central,Partner,565.91,false
2660,2025-03-16,Central,Direct,410.34,false
2661,2025-03-15,Central,Online,952.32,false
2662,2025-03-17,West,Direct,323.09,false
2663,2025-03-18,Central,Partner,3146.84,false
2664,2025-03-11,Central,Retail,2397.05,true
2665,2025-03-20,Central,Online,2776.78,false
2666,2025-03-11,North,Partner,1552.00,false
2667,2025-03-16,West,Direct,1958.86,false
2668,2025-03-06,West,Retail,2264.99,false
2669,2025-03-04,Central,Direct,1606.81,false
2670,2025-03-19,Central,Online,2339.73,false
2671,2025-03-19,North,Retail,1829.87,false
2672,2025-03-20,Central,Partner,229.23,false
2673,2025-03-01,West,Direct,338.49,false
2674,2025-03-11,North,Partner,501.11,false
2675,2025-03-27,North,Retail,813.69,false
2676,2025-03-24,Central,Retail,1628.46,false
2677,2025-03-15,Central,Partner,359.05,false
2678,2025-03-27,Central,Online,714.51,false
2679,2025-03-15,North,Direct,2014.88,false
2680,2025-03-10,Central,Retail,1069.91,false
2681,2025-03-08,North,Partner,3091.61,false
2682,2025-03-17,Central,Retail,2048.33,false
2683,2025-03-02,Central,Partner,2154.21,false
2684,2025-03-01,South,Online,1570.51,false
2685,2025-03-02,East,Online,2537.89,false
2686,2025-03-17,South,Partner,1762.76,false
2687,2025-03-06,Central,Partner,2899.08,false
2688,2025-03-08,North,Retail,1115.79,false
2689,2025-03-26,East,Direct,2415.95,false
2690,2025-03-22,East,Partner,1696.25,false
2691,2025-03-05,East,Direct,2173.03,false
2692,2025-03-13,West,Direct,211.19,false
2693,2025-03-12,North,Direct,1485.42,false
2694,2025-03-18,West,Partner,2743.62,true
2695,2025-03-07,South,Direct,2443.59,true
2696,2025-03-13,North,Partner,1906.80,false
2697,2025-03-06,Central,Partner,1555.93,false
2698,2025-03-25,Central,Partner,2340.12,false
2699,2025-03-24,North,Retail,976.50,false
2700,2025-03-25,Central,Online,2520.69,false
2701,2025-03-03,North,Direct,177.47,false
2702,2025-03-03,North,Retail,2789.17,true
2703,2025-03-11,South,Retail,1232.60,false
2704,2025-03-22,South,Partner,540.99,false
2705,2025-03-16,West,Online,154.31,true
2706,2025-03-21,West,Direct,2604.62,true
2707,2025-03-21,West,Partner,2213.80,false
2708,2025-03-13,East,Retail,1290.34,false
2709,2025-03-10,West,Direct,439.96,false
2710,2025-03-17,North,Online,2170.29,true
2711,2025-03-05,East,Direct,3140.29,false
2712,2025-03-19,North,Online,3018.59,true
2713,2025-03-22,Central,Partner,2799.89,true
2714,2025-03-07,North,Partner,1553.28,false
2715,2025-03-01,West,Retail,180.56,false
2716,2025-03-01,West,Online,1014.90,false
2717,2025-03-17,West,Online,1645.87,false
2718,2025-03-06,Central,Retail,1950.80,false
2719,2025-04-19,North,Online,547.94,false
2720,2025-04-13,North,Retail,2380.78,false
2721,2025-04-16,South,Partner,1850.33,false
2722,2025-04-12,South,Direct,2138.57,false
2723,2025-04-03,North,Direct,731.71,false
2724,2025-04-01,East,Online,1665.52,false
2725,2025-04-09,North,Retail,3155.23,false
2726,2025-04-15,North,Direct,3132.82,false
2727,2025-04-11,South,Partner,3105.74,true
2728,2025-04-25,Central,Retail,787.05,false
2729,2025-04-23,Central,Online,806.33,false
2730,2025-04-20,East,Online,2919.22,false
2731,2025-04-05,Central,Partner,657.17,false
2732,2025-04-22,South,Direct,958.11,false
2733,2025-04-18,West,Partner,2091.52,false
2734,2025-04-22,East,Retail,2692.37,false
2735,2025-04-18,North,Retail,1660.23,false
2736,2025-04-22,West,Retail,2073.86,false
2737,2025-04-10,East,Direct,2570.96,false
2738,2025-04-13,East,Online,2939.29,false
2739,2025-04-20,East,Online,3162.16,false
2740,2025-04-10,South,Partner,2821.94,false
2741,2025-04-18,North,Partner,1304.61,false
2742,2025-04-21,South,Partner,1174.32,false
2743,2025-04-11,South,Online,1695.13,false
2744,2025-04-04,West,Online,2100.80,false
2745,2025-04-20,Central,Partner,1709.45,false
2746,2025-04-23,West,Online,1817.88,false
2747,2025-04-01,Central,Online,1709.14,true
2748,2025-04-26,West,Partner,2634.14,false
2749,2025-04-09,East,Direct,1300.61,false
2750,2025-04-26,West,Direct,3102.81,false
2751,2025-04-21,East,Retail,374.19,false
2752,2025-04-11,Central,Retail,1661.75,false
2753,2025-04-07,East,Direct,981.57,false
2754,2025-04-07,South,Retail,1772.10,false
2755,2025-04-15,West,Retail,394.33,false
2756,2025-04-18,Central,Online,1919.42,false
2757,2025-04-09,Central,Retail,2791.86,false
2758,2025-04-19,East,Direct,2811.43,false
2759,2025-04-01,South,Online,449.52,false
2760,2025-04-11,North,Retail,3152.28,false
2761,2025-04-08,Central,Direct,466.36,true
2762,2025-04-26,Central,Online,224.05,false
2763,2025-04-05,East,Direct,3009.74,false
2764,2025-04-24,West,Partner,1886.17,false
2765,2025-04-01,South,Online,373.00,false
2766,2025-04-15,Central,Online,1508.60,false
2767,2025-04-01,West,Online,2922.33,false
2768,2025-04-18,East,Partner,1714.05,false
2769,2025-04-19,North,Direct,2134.87,false
2770,2025-04-12,South,Online,217.48,false
2771,2025-04-12,North,Direct,2917.39,false
2772,2025-04-14,Central,Direct,1062.07,true
2773,2025-04-06,West,Retail,2167.24,false
2774,2025-04-07,South,Online,256.44,false
2775,2025-04-27,North,Direct,2681.39,false
2776,2025-04-11,South,Direct,739.42,false
2777,2025-04-09,East,Direct,1923.63,true
2778,2025-04-26,Central,Retail,1277.60,false
2779,2025-04-11,South,Direct,2786.63,false
2780,2025-04-22,Central,Partner,1637.49,false
2781,2025-04-18,Central,Retail,1018.75,false
2782,2025-04-17,East,Retail,1126.12,false
2783,2025-04-28,East,Direct,2882.37,false
2784,2025-04-24,Central,Online,1177.59,false
2785,2025-04-08,North,Online,2253.28,false
2786,2025-04-08,West,Direct,1381.43,true
2787,2025-04-27,South,Direct,1510.40,false
2788,2025-04-10,South,Retail,2325.35,false
2789,2025-04-24,West,Direct,1547.12,false
2790,2025-04-08,Central,Direct,2611.00,false
2791,2025-04-05,South,Direct,197.71,false
2792,2025-04-19,East,Retail,2660.15,false
2793,2025-04-02,North,Partner,1984.70,false
2794,2025-04-22,West,Partner,2263.60,false
2795,2025-04-03,Central,Online,2873.05,false
2796,2025-04-06,North,Retail,3037.71,false
2797,2025-04-28,East,Online,228.53,false
2798,2025-04-17,South,Online,1973.24,false
2799,2025-04-13,North,Partner,509.32,false
2800,2025-04-15,North,Direct,1124.37,false
2801,2025-04-11,West,Online,835.24,true
2802,2025-04-24,South,Retail,1936.24,false
2803,2025-04-21,North,Partner,2554.22,true
2804,2025-04-03,Central,Direct,1515.16,false
2805,2025-04-03,Central,Online,2403.21,false
2806,2025-04-21,North,Direct,208.12,false
2807,2025-04-26,North,Online,1304.76,false
2808,2025-04-20,Central,Online,383.51,false
2809,2025-04-22,East,Online,694.15,false
2810,2025-04-12,South,Partner,2986.62,false
2811,2025-04-22,West,Partner,1080.56,false
2812,2025-04-17,South,Direct,2522.60,false
2813,2025-04-14,East,Direct,2001.28,false
2814,2025-04-19,West,Direct,2012.35,false
2815,2025-04-04,South,Direct,2792.80,false
2816,2025-04-09,North,Partner,842.95,false
2817,2025-04-22,East,Retail,2089.12,false
2818,2025-04-13,South,Partner,1664.58,false
2819,2025-04-05,Central,Online,2605.30,true
2820,2025-04-27,South,Partner,525.44,false
2821,2025-04-14,West,Retail,1881.84,false
2822,2025-04-26,East,Retail,1680.89,false
2823,2025-04-13,East,Partner,1978.08,false
2824,2025-04-24,West,Partner,2634.50,false
2825,2025-04-12,North,Direct,642.70,false
2826,2025-04-17,North,Online,455.59,false
2827,2025-04-23,South,Online,681.45,false
2828,2025-04-06,North,Direct,3043.13,false
2829,2025-04-17,South,Partner,622.30,false
2830,2025-04-14,West,Partner,1034.64,false
2831,2025-04-15,Central,Retail,2648.98,false
2832,2025-04-13,East,Partner,3177.69,false
2833,2025-04-15,North,Online,2808.18,false
2834,2025-04-04,Central,Direct,860.20,false
2835,2025-04-07,South,Partner,1277.44,false
2836,2025-04-21,South,Partner,278.19,false
2837,2025-04-13,East,Direct,378.11,false
2838,2025-04-22,North,Retail,748.54,false
2839,2025-04-28,West,Retail,1660.68,false
2840,2025-04-09,Central,Partner,1528.14,false
2841,2025-04-22,West,Retail,1604.85,false
2842,2025-04-15,North,Partner,886.70,false
2843,2025-04-12,West,Partner,1941.46,false
2844,2025-04-25,South,Online,2765.79,false
2845,2025-04-23,South,Retail,2954.42,false
2846,2025-04-22,East,Retail,3183.60,false
2847,2025-04-19,West,Online,1191.75,false
2848,2025-04-07,North,Partner,2684.46,false
2849,2025-04-06,Central,Retail,904.62,false
2850,2025-04-16,South,Direct,2774.11,false
2851,2025-04-08,East,Online,2492.55,false
2852,2025-05-19,West,Direct,2268.12,true
2853,2025-05-09,Central,Direct,1564.42,false
2854,2025-05-05,Central,Partner,2389.46,false
2855,2025-05-16,West,Partner,1694.80,true
2856,2025-05-18,Central,Retail,738.40,false
2857,2025-05-03,South,Online,214.70,false
2858,2025-05-07,South,Direct,2437.10,false
2859,2025-05-28,South,Online,336.80,false
2860,2025-05-11,West,Retail,752.28,false
2861,2025-05-15,North,Partner,849.10,false
2862,2025-05-08,East,Retail,1352.48,false
2863,2025-05-09,South,Retail,2757.20,false
2864,2025-05-13,West,Retail,1886.89,false
2865,2025-05-21,South,Partner,2040.52,false
2866,2025-05-28,South,Direct,1653.52,false
2867,2025-05-28,North,Partner,2497.78,false
2868,2025-05-26,North,Retail,567.88,false
2869,2025-05-13,North,Direct,1429.90,false
2870,2025-05-11,East,Partner,2792.20,false
2871,2025-05-19,West,Retail,2128.19,false
2872,2025-05-08,East,Online,1941.82,false
2873,2025-05-08,North,Retail,585.00,false
2874,2025-05-06,East,Online,671.40,false
2875,2025-05-12,Central,Partner,1579.74,false
2876,2025-05-24,North,Retail,2714.90,false
2877,2025-05-06,South,Partner,1745.75,false
2878,2025-05-13,West,Online,823.70,false
2879,2025-05-19,West,Online,602.26,false
2880,2025-05-25,North,Retail,844.62,false
2881,2025-05-11,South,Partner,2651.70,false
2882,2025-05-06,North,Direct,610.58,false
2883,2025-05-14,East,Direct,2440.33,false
2884,2025-05-03,East,Online,2937.64,false
2885,2025-05-14,North,Partner,1553.60,false
2886,2025-05-06,North,Retail,2355.35,false
2887,2025-05-08,East,Retail,2887.82,false
2888,2025-05-04,East,Direct,1977.38,false
2889,2025-05-14,South,Online,790.71,false
2890,2025-05-09,Central,Partner,844.16,false
2891,2025-05-11,South,Online,2810.34,true
2892,2025-05-16,East,Direct,1069.71,false
2893,2025-05-23,East,Retail,2380.56,true
2894,2025-05-19,North,Partner,624.81,false
2895,2025-05-08,West,Online,2928.95,false
2896,2025-05-16,West,Partner,2787.11,false
2897,2025-05-07,Central,Online,752.33,false
2898,2025-05-12,North,Partner,1085.96,false
2899,2025-05-19,West,Direct,1389.35,true
2900,2025-05-11,East,Retail,1164.13,true
2901,2025-05-05,West,Partner,597.41,false
2902,2025-05-27,North,Partner,2559.88,false
2903,2025-05-16,South,Retail,2579.79,false
2904,2025-05-07,Central,Partner,1230.68,false
2905,2025-05-24,West,Direct,1770.19,false
2906,2025-05-24,North,Online,3226.61,false
2907,2025-05-17,East,Retail,382.79,false
2908,2025-05-07,East,Retail,890.94,true
2909,2025-05-03,Central,Retail,2036.26,false
2910,2025-05-04,East,Partner,891.60,false
2911,2025-05-23,East,Direct,2233.34,false
2912,2025-05-05,West,Partner,3091.82,false
2913,2025-05-18,West,Retail,1734.71,false
2914,2025-05-27,South,Partner,2893.60,false
2915,2025-05-01,South,Online,828.53,false
2916,2025-05-11,Central,Retail,1289.00,false
2917,2025-05-02,Central,Online,1104.91,false
2918,2025-05-01,East,Online,579.39,false
2919,2025-05-13,Central,Direct,289.14,false
2920,2025-05-23,North,Retail,171.42,true
2921,2025-05-02,East,Retail,300.67,false
2922,2025-05-07,North,Direct,2986.05,false
2923,2025-05-23,East,Direct,2161.32,false
2924,2025-05-13,West,Retail,2164.87,false
2925,2025-05-26,West,Partner,2819.46,false
2926,2025-05-02,North,Partner,2357.79,false
2927,2025-05-13,South,Online,1619.17,false
2928,2025-05-04,North,Retail,1426.30,false
2929,2025-05-24,East,Direct,2256.55,false
2930,2025-05-16,South,Retail,2976.77,false
2931,2025-05-26,North,Direct,2439.78,false
2932,2025-05-24,West,Direct,1900.18,false
2933,2025-05-12,North,Retail,156.74,false
2934,2025-05-17,Central,Retail,1639.69,false
2935,2025-05-13,Central,Retail,1986.80,false
2936,2025-05-13,South,Partner,1148.09,true
2937,2025-05-18,South,Direct,2263.47,false
2938,2025-05-27,South,Retail,1740.07,false
2939,2025-05-22,South,Online,2360.69,false
2940,2025-05-24,South,Direct,3052.30,false
2941,2025-05-12,East,Retail,228.97,false
2942,2025-05-16,Central,Retail,2990.77,false
2943,2025-05-06,South,Online,1420.73,false
2944,2025-05-27,South,Online,2045.08,false
2945,2025-05-27,East,Retail,704.63,false
2946,2025-05-01,South,Retail,2922.55,false
2947,2025-05-09,Central,Online,1741.28,false
2948,2025-05-02,Central,Retail,2449.68,true
2949,2025-05-06,West,Direct,2320.78,false
2950,2025-05-09,West,Partner,2228.08,false
2951,2025-05-01,Central,Online,2669.80,false
2952,2025-05-09,West,Retail,2808.41,false
2953,2025-05-28,North,Retail,666.29,false
2954,2025-05-27,West,Direct,3045.69,false
2955,2025-05-01,West,Partner,1718.23,false
2956,2025-05-14,Central,Direct,3220.94,false
2957,2025-05-14,West,Partner,1856.36,false
2958,2025-05-14,North,Retail,1322.50,false
2959,2025-05-25,Central,Partner,611.26,false
2960,2025-05-02,West,Direct,1828.09,false
2961,2025-05-02,West,Online,1185.58,true
2962,2025-05-24,North,Direct,2484.40,true
2963,2025-05-11,South,Online,1461.48,false
2964,2025-05-09,North,Partner,648.18,false
2965,2025-05-27,East,Online,3240.02,false
2966,2025-05-28,East,Retail,1903.44,false
2967,2025-05-12,East,Direct,2711.94,false
2968,2025-05-22,North,Partner,1190.34,false
2969,2025-05-12,South,Online,269.81,false
2970,2025-06-07,West,Retail,1931.95,false
2971,2025-06-12,South,Partner,915.33,false
2972,2025-06-26,South,Partner,1793.25,false
2973,2025-06-09,West,Direct,250.18,false
2974,2025-06-06,Central,Partner,2725.12,false
2975,2025-06-22,West,Direct,910.85,false
2976,2025-06-07,East,Direct,758.62,false
2977,2025-06-09,Central,Retail,1099.22,false
2978,2025-06-17,East,Online,1172.39,false
2979,2025-06-13,East,Retail,2233.63,true
2980,2025-06-15,West,Direct,3033.72,false
2981,2025-06-10,West,Retail,821.32,false
2982,2025-06-05,South,Partner,2820.50,false
2983,2025-06-17,Central,Partner,1942.65,false
2984,2025-06-02,North,Retail,2121.46,false
2985,2025-06-22,West,Retail,282.07,false
2986,2025-06-05,Central,Online,2419.28,false
2987,2025-06-26,Central,Direct,2084.95,false
2988,2025-06-27,North,Online,2219.55,false
2989,2025-06-23,North,Retail,1130.16,false
2990,2025-06-27,West,Direct,603.99,false
2991,2025-06-01,Central,Direct,2029.43,false
2992,2025-06-12,South,Direct,2974.23,false
2993,2025-06-16,West,Direct,2348.20,false
2994,2025-06-19,North,Partner,2041.41,false
2995,2025-06-07,East,Online,957.36,true
2996,2025-06-02,South,Partner,2032.95,false
2997,2025-06-03,West,Online,2443.97,false
2998,2025-06-22,West,Retail,2862.85,false
2999,2025-06-04,North,Direct,2118.03,false
3000,2025-06-15,South,Direct,2332.31,false
3001,2025-06-04,Central,Online,1535.10,false
3002,2025-06-05,South,Online,875.90,false
3003,2025-06-08,South,Online,2879.69,false
3004,2025-06-16,East,Partner,1179.71,false
3005,2025-06-22,North,Partner,315.86,false
3006,2025-06-11,South,Partner,844.73,true
3007,2025-06-19,South,Online,229.68,false
3008,2025-06-21,South,Direct,2772.60,false
3009,2025-06-20,North,Retail,1952.70,false
3010,2025-06-13,South,Partner,283.69,false
3011,2025-06-08,East,Partner,2743.23,false
3012,2025-06-07,Central,Retail,3178.15,false
3013,2025-06-07,North,Online,603.53,false
3014,2025-06-10,North,Retail,1620.74,false
3015,2025-06-06,South,Direct,179.59,false
3016,2025-06-27,Central,Online,1225.70,false
3017,2025-06-03,South,Online,2743.65,false
3018,2025-06-24,North,Online,2875.90,false
3019,2025-06-19,West,Partner,1773.65,false
3020,2025-06-15,North,Partner,1261.62,false
3021,2025-06-15,Central,Direct,2629.82,false
3022,2025-06-16,Central,Direct,1081.49,false
3023,2025-06-10,South,Direct,2587.86,false
3024,2025-06-27,West,Retail,1504.33,false
3025,2025-06-12,East,Partner,644.87,true
3026,2025-06-15,South,Retail,597.29,false
3027,2025-06-28,North,Partner,2826.37,false
3028,2025-06-17,North,Direct,1174.64,false
3029,2025-06-20,South,Online,1129.01,false
3030,2025-06-21,South,Retail,191.04,false
3031,2025-06-17,North,Partner,1819.87,true
3032,2025-06-07,Central,Retail,2419.77,false
3033,2025-06-25,Central,Direct,649.97,false
3034,2025-06-08,South,Partner,491.05,false
3035,2025-06-05,East,Retail,2760.06,false
3036,2025-06-28,Central,Online,1133.49,false
3037,2025-06-16,North,Retail,2296.21,false
3038,2025-06-23,North,Retail,2509.31,false
3039,2025-06-21,North,Retail,1961.27,false
3040,2025-06-06,Central,Partner,1666.13,false
3041,2025-06-18,North,Online,974.26,false
3042,2025-06-13,East,Direct,611.06,false
3043,2025-06-10,East,Retail,3079.21,false
3044,2025-06-27,East,Partner,1704.98,false
3045,2025-06-14,Central,Direct,448.23,false
3046,2025-06-28,South,Online,2260.20,false
3047,2025-06-05,West,Partner,1050.36,false
3048,2025-06-14,South,Direct,2839.74,false
3049,2025-06-10,East,Direct,3149.80,false
3050,2025-06-14,East,Partner,736.60,false
3051,2025-06-07,South,Retail,197.04,false
3052,2025-06-05,East,Direct,303.81,false
3053,2025-06-07,West,Online,1951.98,false
3054,2025-06-28,East,Retail,2845.41,false
3055,2025-06-14,North,Direct,912.15,false
3056,2025-06-28,Central,Retail,1665.12,false
3057,2025-06-28,Central,Online,1998.26,false
3058,2025-06-26,West,Direct,1724.69,false
3059,2025-06-25,East,Partner,694.60,false
3060,2025-06-14,West,Online,2105.53,false
3061,2025-06-08,West,Partner,843.40,false
3062,2025-06-20,East,Retail,3249.12,false
3063,2025-06-04,West,Direct,1045.71,false
3064,2025-06-21,North,Online,945.23,false
3065,2025-06-06,Central,Retail,3202.70,false
3066,2025-06-25,Central,Online,2278.04,false
3067,2025-06-16,Central,Partner,864.53,false
3068,2025-06-16,West,Direct,802.05,false
3069,2025-06-28,South,Online,1436.08,false
3070,2025-06-11,South,Direct,2291.44,false
3071,2025-07-12,East,Direct,548.07,false
3072,2025-07-15,North,Direct,1709.41,false
3073,2025-07-15,North,Online,2429.36,false
3074,2025-07-24,North,Direct,204.37,true
3075,2025-07-20,West,Direct,2202.73,false
3076,2025-07-23,East,Retail,2521.46,false
3077,2025-07-24,South,Partner,703.00,false
3078,2025-07-03,East,Retail,2380.38,false
3079,2025-07-03,South,Direct,1903.69,false
3080,2025-07-25,West,Direct,176.63,false
3081,2025-07-26,Central,Online,1736.21,false
3082,2025-07-14,North,Direct,2708.50,false
3083,2025-07-18,North,Online,3244.94,false
3084,2025-07-08,West,Direct,434.41,false
3085,2025-07-04,West,Direct,1171.47,false
3086,2025-07-16,East,Direct,2041.10,false
3087,2025-07-22,Central,Partner,876.91,false
3088,2025-07-26,North,Partner,2822.40,false
3089,2025-07-02,East,Online,3072.45,false
3090,2025-07-12,South,Direct,1338.13,false
3091,2025-07-26,South,Online,973.45,false
3092,2025-07-13,South,Retail,3298.14,false
3093,2025-07-13,West,Partner,1951.71,false
3094,2025-07-20,East,Partner,1345.86,false
3095,2025-07-04,West,Online,1449.83,false
3096,2025-07-02,East,Partner,872.72,false
3097,2025-07-21,Central,Partner,293.17,false
3098,2025-07-14,North,Direct,1983.88,false
3099,2025-07-12,East,Partner,2891.90,false
3100,2025-07-23,Central,Retail,2296.39,false
3101,2025-07-19,East,Online,2981.22,false
3102,2025-07-13,South,Retail,985.49,false
3103,2025-07-24,South,Partner,2239.55,false
3104,2025-07-04,North,Retail,1563.59,true
3105,2025-07-12,South,Retail,1833.43,false
3106,2025-07-03,West,Retail,2624.19,false
3107,2025-07-21,West,Online,578.10,false
3108,2025-07-01,East,Direct,3115.42,false
3109,2025-07-10,South,Direct,2147.58,false
3110,2025-07-12,South,Online,2901.27,false
3111,2025-07-02,West,Direct,1958.98,false
3112,2025-07-01,East,Retail,1874.16,true
3113,2025-07-10,West,Online,2909.20,false
3114,2025-07-04,East,Partner,1884.98,false
3115,2025-07-09,North,Direct,449.07,false
3116,2025-07-22,West,Partner,818.53,false
3117,2025-07-06,North,Partner,698.20,false
3118,2025-07-06,East,Retail,1885.16,false
3119,2025-07-07,East,Retail,1819.45,false
3120,2025-07-01,North,Retail,1917.65,false
3121,2025-07-27,North,Retail,2068.19,false
3122,2025-07-27,East,Partner,1024.43,false
3123,2025-07-19,Central,Direct,2506.71,false
3124,2025-07-01,Central,Online,1281.86,false
3125,2025-07-10,West,Partner,1199.28,false
3126,2025-07-01,West,Partner,1775.57,false
3127,2025-07-27,North,Retail,1238.10,false
3128,2025-07-25,Central,Online,2031.18,false
3129,2025-07-01,Central,Direct,1833.84,false
3130,2025-07-05,West,Direct,2618.73,true
3131,2025-07-21,East,Direct,2936.94,false
3132,2025-07-21,Central,Online,1679.29,false
3133,2025-07-18,East,Direct,2558.03,false
3134,2025-07-27,West,Online,234.56,false
3135,2025-07-09,South,Partner,2293.22,true
3136,2025-07-06,North,Online,2482.66,true
3137,2025-07-02,West,Partner,1835.96,false
3138,2025-07-17,West,Online,3207.15,false
3139,2025-07-06,North,Direct,2951.60,false
3140,2025-07-13,Central,Direct,3036.35,false
3141,2025-07-17,East,Online,189.44,false
3142,2025-07-28,North,Retail,1173.13,false
3143,2025-07-17,South,Retail,1959.65,false
3144,2025-07-07,Central,Direct,454.20,false
3145,2025-07-08,West,Retail,299.96,true
3146,2025-07-27,South,Retail,2724.30,false
3147,2025-07-09,West,Online,1056.34,false
3148,2025-07-21,Central,Retail,3197.06,false
3149,2025-07-19,North,Partner,1411.98,false
3150,2025-07-07,West,Retail,246.76,false
3151,2025-07-11,West,Online,701.92,false
3152,2025-07-24,West,Online,2040.51,false
3153,2025-07-12,South,Retail,1079.22,true
3154,2025-07-26,Central,Partner,1688.12,false
3155,2025-07-08,South,Partner,1423.16,false
3156,2025-07-22,North,Retail,1747.89,false
3157,2025-07-25,Central,Partner,2059.96,false
3158,2025-07-10,East,Direct,2962.22,true
3159,2025-07-09,West,Online,1156.47,true
3160,2025-07-04,West,Retail,2311.87,false
3161,2025-07-05,West,Partner,3026.24,false
3162,2025-07-24,East,Online,2747.79,false
3163,2025-07-18,West,Online,835.93,false
3164,2025-07-10,North,Partner,2934.74,false
3165,2025-07-10,West,Partner,728.69,false
3166,2025-07-14,West,Online,2714.32,false
3167,2025-07-11,West,Partner,2852.31,false
3168,2025-07-08,West,Retail,2929.15,false
3169,2025-07-04,South,Partner,1679.33,false
3170,2025-07-16,West,Retail,967.55,false
3171,2025-07-01,East,Partner,1772.92,false
3172,2025-07-01,North,Retail,207.02,false
3173,2025-07-17,North,Direct,1778.14,false
3174,2025-07-28,East,Partner,2696.00,false
3175,2025-07-25,West,Direct,3214.26,true
3176,2025-07-22,North,Online,2850.31,false
3177,2025-07-03,West,Partner,721.40,false
3178,2025-07-05,West,Online,1324.61,false
3179,2025-07-12,East,Retail,2390.55,false
3180,2025-07-14,North,Retail,1399.35,false
3181,2025-08-12,West,Direct,2363.66,true
3182,2025-08-11,West,Online,2401.52,false
3183,2025-08-13,North,Online,797.73,false
3184,2025-08-18,North,Online,2112.88,false
3185,2025-08-08,West,Online,1254.75,false
3186,2025-08-24,East,Online,3327.68,false
3187,2025-08-01,West,Online,2454.92,true
3188,2025-08-28,South,Partner,1925.18,false
3189,2025-08-16,Central,Direct,2218.35,false
3190,2025-08-05,North,Retail,1271.74,false
3191,2025-08-17,North,Direct,3006.89,false
3192,2025-08-27,West,Online,2964.68,false
3193,2025-08-23,South,Partner,381.49,false
3194,2025-08-15,South,Online,1507.60,false
3195,2025-08-04,North,Direct,3051.12,false
3196,2025-08-23,North,Partner,2481.64,false
3197,2025-08-25,East,Direct,363.63,false
3198,2025-08-05,West,Direct,2079.84,false
3199,2025-08-28,West,Partner,3361.59,false
3200,2025-08-09,West,Direct,644.53,false
3201,2025-08-14,Central,Online,773.46,false
3202,2025-08-18,Central,Online,613.79,false
3203,2025-08-17,North,Partner,2303.49,false
3204,2025-08-20,West,Partner,502.47,false
3205,2025-08-18,North,Retail,2523.68,false
3206,2025-08-04,South,Online,1832.75,false
3207,2025-08-11,Central,Partner,1614.89,false
3208,2025-08-06,Central,Partner,3316.48,false
3209,2025-08-14,West,Online,2700.51,false
3210,2025-08-24,East,Online,861.95,false
3211,2025-08-16,North,Partner,711.02,false
3212,2025-08-11,North,Direct,2248.49,false
3213,2025-08-10,South,Partner,861.15,false
3214,2025-08-18,West,Partner,2474.57,true
3215,2025-08-17,West,Retail,2213.79,false
3216,2025-08-01,South,Direct,1658.02,false
3217,2025-08-02,North,Partner,1387.33,true
3218,2025-08-27,Central,Direct,263.93,false
3219,2025-08-25,North,Direct,1786.40,false
3220,2025-08-01,North,Online,1454.99,false
3221,2025-08-20,North,Partner,2872.84,false
3222,2025-08-18,West,Retail,1779.28,false
3223,2025-08-09,West,Direct,343.57,false
3224,2025-08-19,South,Retail,2851.65,false
3225,2025-08-17,East,Direct,643.56,true
3226,2025-08-05,South,Retail,2103.84,false
3227,2025-08-23,Central,Partner,2732.96,false
3228,2025-08-05,West,Direct,1917.17,false
3229,2025-08-07,East,Retail,3102.53,false
3230,2025-08-11,West,Direct,1625.36,false
3231,2025-08-26,Central,Partner,2952.25,false
3232,2025-08-07,South,Direct,600.17,false
3233,2025-08-15,East,Online,2098.98,false
3234,2025-08-17,East,Direct,1981.46,false
3235,2025-08-28,West,Online,2474.66,false
3236,2025-08-28,East,Partner,889.44,false
3237,2025-08-14,North,Online,678.03,false
3238,2025-08-10,Central,Retail,762.76,false
3239,2025-08-19,West,Retail,1716.69,false
3240,2025-08-14,West,Online,2091.17,false
3241,2025-08-16,Central,Direct,1380.98,false
3242,2025-08-26,South,Retail,2487.22,false
3243,2025-08-22,East,Direct,3158.23,false
3244,2025-08-09,South,Retail,1147.06,false
3245,2025-08-17,Central,Partner,3067.19,false
3246,2025-08-04,North,Online,1292.42,true
3247,2025-08-04,Central,Retail,1088.55,false
3248,2025-08-25,West,Direct,2628.71,false
3249,2025-08-18,East,Retail,1955.47,false
3250,2025-08-24,South,Online,3042.82,true
3251,2025-08-16,North,Partner,3003.29,false
3252,2025-08-16,East,Online,839.83,false
3253,2025-08-20,South,Retail,445.33,false
3254,2025-08-12,North,Direct,1571.59,false
3255,2025-08-23,East,Partner,3280.81,false
3256,2025-08-08,North,Direct,1039.94,true
3257,2025-08-18,South,Partner,1045.84,false
3258,2025-08-08,South,Online,840.34,false
3259,2025-08-08,South,Direct,381.40,true
3260,2025-08-19,Central,Partner,2255.65,true
3261,2025-08-17,West,Partner,3198.51,false
3262,2025-08-06,East,Online,279.40,false
3263,2025-08-27,East,Partner,2282.16,false
3264,2025-08-22,North,Online,1831.77,false
3265,2025-08-23,North,Retail,2457.14,false
3266,2025-08-25,North,Partner,945.16,false
3267,2025-08-22,East,Partner,428.39,false
3268,2025-08-11,Central,Retail,2477.28,false
3269,2025-08-19,South,Partner,320.17,true
3270,2025-08-25,East,Retail,236.22,false
3271,2025-08-15,East,Online,2912.34,false
3272,2025-08-11,Central,Online,3373.37,false
3273,2025-08-15,North,Direct,1060.38,false
3274,2025-08-13,North,Retail,1975.03,false
3275,2025-08-02,West,Direct,2457.78,false
3276,2025-08-08,Central,Partner,2365.14,false
3277,2025-08-09,South,Retail,2420.58,false
3278,2025-08-23,East,Retail,3194.38,false
3279,2025-08-16,West,Retail,2642.34,false
3280,2025-08-20,Central,Direct,1043.66,false
3281,2025-08-25,Central,Retail,1752.17,false
3282,2025-08-25,Central,Retail,1107.09,false
3283,2025-08-17,East,Direct,1154.96,false
3284,2025-08-16,Central,Retail,1427.10,false
3285,2025-08-12,East,Partner,1414.11,false
3286,2025-08-11,East,Partner,1747.76,false
3287,2025-08-03,North,Direct,1265.03,false
3288,2025-09-25,North,Partner,2438.80,false
3289,2025-09-28,North,Partner,804.79,false
3290,2025-09-09,East,Partner,2737.50,false
3291,2025-09-11,East,Partner,3391.37,true
3292,2025-09-19,West,Partner,549.29,false
3293,2025-09-06,West,Online,2029.73,false
3294,2025-09-25,Central,Online,1078.06,false
3295,2025-09-05,Central,Retail,1664.44,true
3296,2025-09-04,East,Direct,427.86,false
3297,2025-09-09,North,Partner,201.12,false
3298,2025-09-24,Central,Online,289.81,false
3299,2025-09-15,East,Online,891.79,true
3300,2025-09-04,West,Online,1474.96,false
3301,2025-09-01,Central,Online,1978.05,false
3302,2025-09-11,West,Online,1291.07,false
3303,2025-09-24,Central,Partner,217.51,false
3304,2025-09-25,Central,Direct,1911.19,false
3305,2025-09-27,Central,Retail,253.00,true
3306,2025-09-13,South,Retail,471.38,false
3307,2025-09-06,North,Retail,1781.55,false
3308,2025-09-04,North,Partner,2282.98,false
3309,2025-09-03,East,Direct,1656.10,false
3310,2025-09-04,Central,Direct,1952.14,false
3311,2025-09-14,Central,Direct,2511.52,false
3312,2025-09-02,North,Online,2378.89,false
3313,2025-09-01,North,Partner,3216.33,false
3314,2025-09-05,North,Partner,826.85,false
3315,2025-09-06,Central,Direct,2856.72,false
3316,2025-09-28,Central,Retail,1694.98,false
3317,2025-09-16,South,Partner,1208.59,false
3318,2025-09-02,East,Online,3339.03,false
3319,2025-09-14,North,Direct,601.83,false
3320,2025-09-10,Central,Online,168.87,false
3321,2025-09-26,North,Online,1351.77,false
3322,2025-09-11,Central,Retail,725.40,false
3323,2025-09-12,East,Partner,1836.18,false
3324,2025-09-09,West,Direct,2784.95,false
3325,2025-09-24,West,Partner,3383.45,false
3326,2025-09-04,Central,Partner,293.13,false
3327,2025-09-25,Central,Retail,578.67,false
3328,2025-09-16,East,Direct,1385.11,false
3329,2025-09-07,South,Partner,3009.09,false
3330,2025-09-27,Central,Online,493.09,false
3331,2025-09-02,East,Direct,2743.03,false
3332,2025-09-08,West,Online,1504.16,false
3333,2025-09-09,North,Partner,1542.23,false
3334,2025-09-03,East,Partner,2259.43,false
3335,2025-09-27,West,Partner,2238.26,true
3336,2025-09-09,East,Retail,2079.19,false
3337,2025-09-08,Central,Partner,1806.99,false
3338,2025-09-01,North,Online,626.19,false
3339,2025-09-28,North,Retail,3278.90,false
3340,2025-09-27,East,Retail,3410.66,false
3341,2025-09-27,West,Retail,700.05,false
3342,2025-09-26,South,Online,1109.39,false
3343,2025-09-04,North,Direct,565.44,true
3344,2025-09-07,Central,Partner,2397.45,false
3345,2025-09-20,West,Retail,2184.36,false
3346,2025-09-24,West,Online,2410.56,false
3347,2025-09-08,North,Direct,2653.03,false
3348,2025-09-28,East,Retail,392.51,false
3349,2025-09-08,North,Direct,1807.73,false
3350,2025-09-28,South,Direct,481.25,false
3351,2025-09-23,South,Partner,2062.97,true
3352,2025-09-03,Central,Direct,1474.68,false
3353,2025-09-06,East,Partner,1418.05,false
3354,2025-09-23,West,Retail,2429.53,false
3355,2025-09-07,South,Online,2820.06,false
3356,2025-09-16,East,Direct,2990.40,false
3357,2025-09-12,North,Retail,522.45,false
3358,2025-09-06,East,Retail,2305.33,false
3359,2025-09-21,North,Online,2686.36,false
3360,2025-09-25,South,Direct,3395.49,false
3361,2025-09-05,South,Retail,3081.17,false
3362,2025-09-11,South,Direct,334.38,false
3363,2025-09-20,East,Online,3397.83,false
3364,2025-09-20,Central,Partner,2593.94,false
3365,2025-09-23,East,Retail,955.43,false
3366,2025-09-04,Central,Online,1649.06,false
3367,2025-09-17,East,Online,1965.19,false
3368,2025-09-10,East,Retail,2298.26,false
3369,2025-09-22,South,Online,1153.91,false
3370,2025-09-14,South,Online,2411.98,false
3371,2025-09-28,West,Partner,1468.30,false
3372,2025-09-09,South,Partner,929.82,false
3373,2025-09-07,North,Direct,2389.93,true
3374,2025-09-11,East,Retail,2832.24,false
3375,2025-09-19,South,Partner,2112.24,false
3376,2025-09-05,South,Retail,1015.11,false
3377,2025-09-17,North,Retail,2442.05,false
3378,2025-09-04,South,Direct,1803.05,false
3379,2025-09-26,West,Online,994.49,false
3380,2025-09-02,Central,Retail,3298.54,false
3381,2025-09-27,North,Online,3369.09,false
3382,2025-09-16,Central,Direct,2576.60,true
3383,2025-09-12,North,Online,2542.93,false
3384,2025-09-06,West,Partner,3370.70,false
3385,2025-09-14,South,Retail,1410.66,false
3386,2025-09-25,North,Retail,1789.83,false
3387,2025-09-24,West,Direct,2623.01,false
3388,2025-09-01,East,Direct,3372.73,false
3389,2025-09-03,Central,Online,2428.55,false
3390,2025-09-27,West,Partner,1439.86,false
3391,2025-09-24,East,Direct,611.62,false
3392,2025-09-18,Central,Online,1634.24,false
3393,2025-09-20,West,Retail,2419.07,true
3394,2025-09-28,North,Partner,624.76,false
3395,2025-10-23,Central,Direct,2820.94,false
3396,2025-10-12,Central,Retail,1319.38,false
3397,2025-10-28,East,Retail,859.16,false
3398,2025-10-16,Central,Online,2560.88,false
3399,2025-10-19,North,Retail,1158.47,true
3400,2025-10-12,North,Retail,2054.34,false
3401,2025-10-16,North,Direct,1977.05,false
3402,2025-10-07,Central,Online,3201.76,true
3403,2025-10-23,Central,Partner,1444.86,false
3404,2025-10-20,North,Direct,2871.66,false
3405,2025-10-24,East,Direct,366.56,false
3406,2025-10-23,West,Retail,1787.60,false
3407,2025-10-20,North,Online,300.17,false
3408,2025-10-02,Central,Partner,2413.41,false
3409,2025-10-10,North,Online,3122.04,false
3410,2025-10-18,South,Online,2841.30,false
3411,2025-10-25,North,Online,3004.30,false
3412,2025-10-26,Central,Partner,1948.92,false
3413,2025-10-24,East,Partner,2098.92,false
3414,2025-10-20,North,Direct,2527.65,false
3415,2025-10-12,South,Partner,2594.51,false
3416,2025-10-08,South,Retail,1699.15,false
3417,2025-10-09,East,Online,862.85,false
3418,2025-10-02,Central,Direct,2321.55,false
3419,2025-10-10,South,Online,2836.74,false
3420,2025-10-25,South,Online,2130.00,false
3421,2025-10-17,South,Direct,1754.11,true
3422,2025-10-14,West,Direct,2129.99,false
3423,2025-10-27,Central,Partner,2710.87,false
3424,2025-10-12,East,Partner,2388.59,true
3425,2025-10-20,Central,Online,671.31,false
3426,2025-10-13,East,Retail,1557.43,false
3427,2025-10-23,East,Online,3035.44,false
3428,2025-10-12,East,Online,2945.86,false
3429,2025-10-08,South,Retail,2115.36,false
3430,2025-10-23,West,Direct,1612.87,false
3431,2025-10-22,North,Retail,197.85,false
3432,2025-10-23,South,Direct,1255.21,false
3433,2025-10-21,Central,Partner,1311.28,false
3434,2025-10-19,Central,Partner,2709.29,false
3435,2025-10-18,East,Online,1038.25,false
3436,2025-10-01,Central,Retail,827.18,false
3437,2025-10-02,North,Partner,1755.63,false
3438,2025-10-17,East,Partner,3115.11,false
3439,2025-10-20,North,Retail,356.33,false
3440,2025-10-23,East,Retail,1185.35,false
3441,2025-10-13,West,Direct,3059.95,false
3442,2025-10-07,North,Partner,2489.93,true
3443,2025-10-05,East,Online,834.29,false
3444,2025-10-25,East,Partner,2240.89,false
3445,2025-10-01,Central,Retail,2969.79,false
3446,2025-10-14,South,Online,302.37,false
3447,2025-10-13,South,Online,2943.92,false
3448,2025-10-04,North,Partner,2534.02,false
3449,2025-10-25,East,Direct,1454.77,false
3450,2025-10-21,Central,Online,2645.82,false
3451,2025-10-13,South,Direct,2756.85,false
3452,2025-10-01,West,Online,221.77,false
3453,2025-10-14,Central,Retail,514.25,false
3454,2025-10-27,South,Retail,2324.22,false
3455,2025-10-24,South,Direct,491.70,false
3456,2025-10-10,South,Direct,1086.11,false
3457,2025-10-20,West,Online,3401.87,false
3458,2025-10-04,Central,Retail,1606.41,false
3459,2025-10-02,Central,Partner,3186.82,false
3460,2025-10-16,East,Direct,166.09,false
3461,2025-10-17,West,Direct,1723.42,false
3462,2025-10-09,Central,Online,2678.76,false
3463,2025-10-19,North,Retail,2197.35,false
3464,2025-10-12,South,Partner,2573.38,false
3465,2025-10-13,West,Partner,2383.74,false
3466,2025-10-22,East,Retail,943.80,false
3467,2025-10-27,North,Partner,213.84,true
3468,2025-10-23,West,Online,206.06,false
3469,2025-10-15,South,Direct,1576.06,false
3470,2025-10-20,Central,Online,2584.76,false
3471,2025-10-23,South,Online,2033.22,true
3472,2025-10-23,West,Retail,260.34,true
3473,2025-10-01,West,Online,2740.34,false
3474,2025-10-23,Central,Direct,3037.02,true
3475,2025-10-27,East,Online,2132.06,false
3476,2025-10-08,Central,Online,898.07,false
3477,2025-10-26,North,Direct,1828.57,false
3478,2025-10-23,Central,Direct,2890.11,false
3479,2025-10-27,North,Retail,3256.51,false
3480,2025-10-21,North,Retail,2016.05,false
3481,2025-10-19,Central,Retail,3227.88,false
3482,2025-10-14,Central,Retail,1766.73,true
3483,2025-10-12,Central,Retail,890.89,false
3484,2025-10-07,Central,Retail,1309.29,false
3485,2025-10-27,South,Online,704.88,false
3486,2025-10-06,Central,Partner,1200.90,false
3487,2025-10-05,East,Retail,197.00,false
3488,2025-10-01,North,Online,3131.47,true
3489,2025-10-16,South,Direct,2037.06,false
3490,2025-10-27,West,Online,939.04,false
3491,2025-10-03,North,Retail,1503.68,false
3492,2025-10-21,West,Partner,2867.75,false
3493,2025-10-18,Central,Partner,866.02,false
3494,2025-10-28,North,Partner,833.62,false
3495,2025-10-07,Central,Direct,380.05,false
3496,2025-11-28,East,Online,2865.37,false
3497,2025-11-26,North,Online,603.10,false
3498,2025-11-17,Central,Direct,1366.36,false
3499,2025-11-28,Central,Direct,1066.80,false
3500,2025-11-03,West,Direct,1641.07,false
3501,2025-11-23,South,Online,2870.78,true
3502,2025-11-06,North,Partner,2599.91,false
3503,2025-11-17,South,Online,3278.23,false
3504,2025-11-03,South,Direct,3215.39,false
3505,2025-11-27,East,Partner,2791.73,false
3506,2025-11-11,Central,Direct,1075.28,false
3507,2025-11-17,North,Online,766.48,false
3508,2025-11-24,South,Retail,526.07,false
3509,2025-11-21,South,Retail,1433.80,false
3510,2025-11-22,West,Direct,1659.31,false
3511,2025-11-12,North,Direct,167.81,true
3512,2025-11-16,East,Direct,1032.44,false
3513,2025-11-11,North,Partner,2953.30,false
3514,2025-11-16,North,Direct,837.05,false
3515,2025-11-17,Central,Retail,3192.04,false
3516,2025-11-13,East,Partner,1466.09,false
3517,2025-11-14,West,Retail,3258.18,false
3518,2025-11-27,South,Retail,330.70,false
3519,2025-11-01,West,Retail,2191.95,false
3520,2025-11-22,Central,Partner,1728.61,false
3521,2025-11-16,Central,Retail,2515.69,false
3522,2025-11-13,North,Partner,2379.80,false
3523,2025-11-23,Central,Retail,2108.15,false
3524,2025-11-08,South,Retail,1477.76,false
3525,2025-11-08,North,Partner,260.19,false
3526,2025-11-13,South,Direct,405.91,false
3527,2025-11-22,Central,Retail,1390.19,false
3528,2025-11-26,North,Online,1280.79,false
3529,2025-11-08,North,Online,858.85,false
3530,2025-11-03,North,Online,1121.27,false
3531,2025-11-26,South,Retail,2199.41,false
3532,2025-11-07,West,Retail,2116.93,false
3533,2025-11-04,South,Direct,2432.81,false
3534,2025-11-10,East,Partner,1308.36,false
3535,2025-11-27,North,Direct,2786.33,false
3536,2025-11-01,Central,Direct,529.89,false
3537,2025-11-25,South,Partner,3496.12,false
3538,2025-11-18,East,Retail,3482.63,true
3539,2025-11-15,North,Direct,2575.31,false
3540,2025-11-19,North,Partner,1663.75,false
3541,2025-11-22,Central,Online,3296.76,false
3542,2025-11-20,East,Direct,960.95,false
3543,2025-11-13,North,Online,398.45,false
3544,2025-11-08,Central,Partner,753.22,false
3545,2025-11-15,East,Direct,3272.53,false
3546,2025-11-03,North,Partner,2263.84,false
3547,2025-11-19,West,Direct,2689.10,false
3548,2025-11-17,East,Partner,1283.47,false
3549,2025-11-21,Central,Direct,3023.74,false
3550,2025-11-17,North,Retail,276.85,false
3551,2025-11-18,East,Partner,233.10,false
3552,2025-11-10,South,Partner,3302.24,false
3553,2025-11-03,Central,Retail,430.77,false
3554,2025-11-14,East,Online,2798.50,false
3555,2025-11-18,North,Online,2879.53,true
3556,2025-11-28,North,Partner,3324.61,false
3557,2025-11-18,North,Retail,431.25,false
3558,2025-11-02,South,Retail,1226.65,false
3559,2025-11-06,West,Partner,1230.29,false
3560,2025-11-25,West,Online,515.99,false
3561,2025-11-24,West,Online,1964.15,false
3562,2025-11-26,Central,Online,873.87,false
3563,2025-11-04,West,Partner,1932.60,false
3564,2025-11-17,West,Direct,2856.35,false
3565,2025-11-21,East,Direct,2873.44,false
3566,2025-11-03,West,Online,1123.40,false
3567,2025-11-14,Central,Partner,3499.95,false
3568,2025-11-10,West,Online,978.61,false
3569,2025-11-08,South,Direct,2063.84,false
3570,2025-11-01,South,Retail,2407.56,false
3571,2025-11-28,South,Retail,2759.53,false
3572,2025-11-09,North,Retail,518.43,false
3573,2025-11-08,South,Partner,1523.68,true
3574,2025-11-01,South,Direct,2153.32,false
3575,2025-11-27,West,Partner,2975.27,false
3576,2025-11-04,West,Online,2975.50,false
3577,2025-11-25,East,Online,2286.77,false
3578,2025-11-20,Central,Online,2824.05,false
3579,2025-11-28,North,Partner,1267.08,false
3580,2025-11-17,East,Retail,1417.44,false
3581,2025-11-02,Central,Partner,1292.47,false
3582,2025-11-23,West,Online,1763.16,false
3583,2025-11-20,West,Direct,3201.89,false
3584,2025-11-16,Central,Partner,621.11,false
3585,2025-11-03,East,Retail,1960.15,false
3586,2025-11-05,Central,Online,2875.37,false
3587,2025-11-25,East,Direct,2878.97,false
3588,2025-12-07,South,Direct,222.28,false
3589,2025-12-27,West,Direct,1164.92,false
3590,2025-12-13,East,Online,3369.56,false
3591,2025-12-01,West,Online,3082.29,false
3592,2025-12-21,South,Retail,3272.24,false
3593,2025-12-10,East,Partner,1295.61,false
3594,2025-12-03,West,Direct,973.54,false
3595,2025-12-22,East,Retail,1899.81,false
3596,2025-12-19,South,Direct,2842.61,false
3597,2025-12-06,North,Direct,1672.95,false
3598,2025-12-20,North,Retail,1002.46,false
3599,2025-12-07,North,Retail,536.94,false
3600,2025-12-12,East,Partner,1574.25,false
3601,2025-12-05,Central,Partner,3221.78,false
3602,2025-12-06,West,Direct,3170.70,false
3603,2025-12-23,Central,Partner,723.76,false
3604,2025-12-08,West,Retail,3463.09,false
3605,2025-12-01,West,Partner,1040.17,false
3606,2025-12-19,South,Online,2057.52,false
3607,2025-12-08,West,Online,2305.95,false
3608,2025-12-04,North,Partner,794.03,false
3609,2025-12-01,North,Partner,1190.94,false
3610,2025-12-26,North,Direct,1773.97,false
3611,2025-12-09,South,Partner,2683.16,false
3612,2025-12-14,North,Retail,204.53,false
3613,2025-12-18,North,Partner,1979.29,true
3614,2025-12-11,West,Partner,434.62,false
3615,2025-12-09,Central,Direct,2850.64,true
3616,2025-12-23,East,Online,454.64,false
3617,2025-12-13,West,Retail,2904.74,false
3618,2025-12-13,East,Partner,2593.89,false
3619,2025-12-28,North,Direct,2988.67,false
3620,2025-12-24,East,Online,2984.05,false
3621,2025-12-01,South,Direct,3375.02,false
3622,2025-12-01,Central,Direct,529.65,false
3623,2025-12-14,North,Partner,2962.83,true
3624,2025-12-17,South,Online,2882.73,false
3625,2025-12-15,North,Partner,2325.11,false
3626,2025-12-14,West,Direct,657.52,false
3627,2025-12-06,North,Online,1313.40,false
3628,2025-12-14,North,Online,2089.03,true
3629,2025-12-24,East,Direct,1135.29,false
3630,2025-12-05,East,Retail,909.57,false
3631,2025-12-10,North,Direct,3234.15,false
3632,2025-12-08,Central,Retail,3141.30,false
3633,2025-12-04,West,Direct,3452.71,false
3634,2025-12-25,North,Retail,3316.75,false
3635,2025-12-12,West,Direct,393.93,false
3636,2025-12-04,North,Partner,389.73,false
3637,2025-12-01,East,Retail,446.98,false
3638,2025-12-02,Central,Online,1207.03,false
3639,2025-12-11,East,Retail,504.07,false
3640,2025-12-20,North,Retail,2360.95,false
3641,2025-12-04,West,Partner,1735.50,false
3642,2025-12-14,East,Retail,1230.54,false
3643,2025-12-12,Central,Partner,3204.90,false
3644,2025-12-19,East,Retail,2665.55,false
3645,2025-12-24,West,Partner,2982.99,false
3646,2025-12-22,Central,Direct,2918.13,false
3647,2025-12-05,South,Partner,945.42,false
3648,2025-12-23,South,Retail,2507.23,true
3649,2025-12-11,South,Partner,717.48,false
3650,2025-12-23,Central,Direct,3062.16,false
3651,2025-12-25,North,Retail,412.30,false
3652,2025-12-14,South,Partner,1980.83,false
3653,2025-12-07,Central,Online,829.91,false
3654,2025-12-26,West,Retail,1938.51,false
3655,2025-12-05,South,Online,3241.23,false
3656,2025-12-14,Central,Direct,1266.80,false
3657,2025-12-03,East,Retail,250.49,false
3658,2025-12-01,West,Partner,3014.45,false
3659,2025-12-05,West,Retail,3174.24,true
3660,2025-12-17,North,Direct,1865.63,false
3661,2025-12-25,West,Direct,3539.61,false
3662,2025-12-24,West,Online,915.26,true
3663,2025-12-10,North,Retail,3111.04,false
3664,2025-12-08,North,Retail,2171.80,true
3665,2025-12-05,South,Partner,3445.74,false
3666,2025-12-25,West,Partner,3245.69,false
3667,2025-12-24,Central,Direct,1165.40,false
3668,2025-12-18,West,Direct,3505.48,false
3669,2025-12-26,Central,Direct,3069.86,false
3670,2025-12-13,East,Retail,1352.24,false
3671,2025-12-05,North,Retail,1718.59,false
3672,2025-12-25,South,Partner,3309.77,false
3673,2025-12-01,West,Retail,3390.04,false
3674,2025-12-01,West,Online,3490.55,false
3675,2025-12-08,West,Retail,3559.40,true
3676,2025-12-04,Central,Direct,2896.26,false
3677,2025-12-06,Central,Direct,2670.02,false
3678,2025-12-25,East,Online,3119.81,false
3679,2025-12-02,West,Direct,1679.01,false
3680,2025-12-07,North,Retail,806.30,false
3681,2025-12-02,West,Partner,1856.30,false
3682,2025-12-23,East,Direct,3183.44,false
3683,2025-12-08,East,Direct,2991.90,false
3684,2025-12-12,East,Direct,485.63,false
3685,2025-12-16,Central,Online,3433.90,false
3686,2025-12-13,North,Direct,2848.88,false
3687,2025-12-23,South,Retail,3366.61,true
3688,2025-12-23,East,Online,1881.40,false
3689,2025-12-20,East,Online,3181.06,false
3690,2025-12-17,South,Online,895.00,false
3691,2025-12-25,East,Partner,1506.74,false
3692,2025-12-13,North,Online,3175.81,false
3693,2025-12-28,East,Online,1677.56,false
